CU651604.3	chr1
CU651605.3	chr2
CU651606.3	chr3
CU651607.3	chr4
CU651608.3	chr5
CU651609.3	chr6
CU651610.3	chr7
CU651611.3	chr8
CU651612.3	chr9
CU651613.3	chr10
CU651614.3	chr11
CU651615.3	chr12
CU651616.3	chr13
CU651617.3	chr14
CU651618.3	chr15
CU651619.3	chr16
CU651620.3	chr17
CU651621.3	chr18
CU651622.3	chr19
CU651623.3	chr20
CU651624.3	chr21
CU651625.3	chr22
CU651626.3	chr23
CU651627.3	chr24
CU651628.3	chr25
FR651851.1	Zv9_scaffold3453
FR651852.1	Zv9_scaffold3454
FR651853.1	Zv9_scaffold3455
FR651854.1	Zv9_scaffold3456
FR651855.1	Zv9_scaffold3457
FR651856.1	Zv9_scaffold3458
FR651857.1	Zv9_scaffold3459
FR651858.1	Zv9_scaffold3460
FR651859.1	Zv9_scaffold3461
FR651860.1	Zv9_scaffold3462
FR651861.1	Zv9_scaffold3463
FR651862.1	Zv9_scaffold3464
FR651863.1	Zv9_scaffold3465
FR651864.1	Zv9_scaffold3466
FR651865.1	Zv9_scaffold3467
FR651866.1	Zv9_scaffold3468
FR651867.1	Zv9_scaffold3469
FR651868.1	Zv9_scaffold3470
FR651869.1	Zv9_scaffold3471
FR651870.1	Zv9_scaffold3472
FR651871.1	Zv9_scaffold3473
FR651872.1	Zv9_scaffold3474
FR651873.1	Zv9_scaffold3475
FR651874.1	Zv9_scaffold3476
FR651875.1	Zv9_scaffold3477
FR651876.1	Zv9_scaffold3478
FR651877.1	Zv9_scaffold3479
FR651878.1	Zv9_scaffold3480
FR651879.1	Zv9_scaffold3481
FR651880.1	Zv9_scaffold3482
FR651881.1	Zv9_scaffold3483
FR651882.1	Zv9_scaffold3484
FR651883.1	Zv9_scaffold3485
FR651884.1	Zv9_scaffold3486
FR651885.1	Zv9_scaffold3487
FR651886.1	Zv9_scaffold3488
FR651887.1	Zv9_scaffold3489
FR651888.1	Zv9_scaffold3490
FR651889.1	Zv9_scaffold3491
FR651890.1	Zv9_scaffold3492
FR651891.1	Zv9_scaffold3493
FR651892.1	Zv9_scaffold3494
FR651893.1	Zv9_scaffold3495
FR651894.1	Zv9_scaffold3496
FR651895.1	Zv9_scaffold3497
FR651896.1	Zv9_scaffold3498
FR651897.1	Zv9_scaffold3499
FR651898.1	Zv9_scaffold3500
FR651899.1	Zv9_scaffold3501
FR651900.1	Zv9_scaffold3502
FR651901.1	Zv9_scaffold3503
FR651902.1	Zv9_scaffold3504
FR651903.1	Zv9_scaffold3505
FR651904.1	Zv9_scaffold3506
FR651905.1	Zv9_scaffold3507
FR651906.1	Zv9_scaffold3508
FR651907.1	Zv9_scaffold3509
FR651908.1	Zv9_scaffold3510
FR651909.1	Zv9_scaffold3511
FR651910.1	Zv9_scaffold3512
FR651911.1	Zv9_scaffold3513
FR651912.1	Zv9_scaffold3514
FR651913.1	Zv9_scaffold3515
FR651914.1	Zv9_scaffold3516
FR651915.1	Zv9_scaffold3517
FR651916.1	Zv9_scaffold3518
FR651917.1	Zv9_scaffold3519
FR651918.1	Zv9_scaffold3520
FR651919.1	Zv9_scaffold3521
FR651920.1	Zv9_scaffold3522
FR651921.1	Zv9_scaffold3523
FR651922.1	Zv9_scaffold3524
FR651923.1	Zv9_scaffold3525
FR651924.1	Zv9_scaffold3526
FR651925.1	Zv9_scaffold3527
FR651926.1	Zv9_scaffold3528
FR651927.1	Zv9_scaffold3529
FR651928.1	Zv9_scaffold3530
FR651929.1	Zv9_scaffold3531
FR651930.1	Zv9_scaffold3532
FR651931.1	Zv9_scaffold3533
FR651932.1	Zv9_scaffold3534
FR651933.1	Zv9_scaffold3535
FR651934.1	Zv9_scaffold3536
FR651935.1	Zv9_scaffold3537
FR651936.1	Zv9_scaffold3538
FR651937.1	Zv9_scaffold3539
FR651938.1	Zv9_scaffold3540
FR651939.1	Zv9_scaffold3541
FR651940.1	Zv9_scaffold3542
FR651941.1	Zv9_scaffold3543
FR651942.1	Zv9_scaffold3544
FR651943.1	Zv9_scaffold3545
FR651944.1	Zv9_scaffold3546
FR651945.1	Zv9_scaffold3547
FR651946.1	Zv9_scaffold3548
FR651947.1	Zv9_scaffold3549
FR651948.1	Zv9_scaffold3550
FR651949.1	Zv9_scaffold3551
FR651950.1	Zv9_scaffold3552
FR651951.1	Zv9_scaffold3553
FR651952.1	Zv9_scaffold3554
FR651953.1	Zv9_scaffold3555
FR651954.1	Zv9_scaffold3556
FR651955.1	Zv9_scaffold3557
FR651956.1	Zv9_scaffold3558
FR651957.1	Zv9_scaffold3559
FR651958.1	Zv9_scaffold3560
FR651959.1	Zv9_scaffold3561
FR651960.1	Zv9_scaffold3562
FR651961.1	Zv9_scaffold3563
FR651962.1	Zv9_scaffold3564
FR651963.1	whole_genome_shotgun_sequencing
FR651964.1	whole_genome_shotgun_sequencing
FR651965.1	whole_genome_shotgun_sequencing
FR651966.1	whole_genome_shotgun_sequencing
FR651967.1	whole_genome_shotgun_sequencing
FR651968.1	whole_genome_shotgun_sequencing
FR651969.1	whole_genome_shotgun_sequencing
FR651970.1	whole_genome_shotgun_sequencing
FR651971.1	whole_genome_shotgun_sequencing
FR651972.1	whole_genome_shotgun_sequencing
FR651973.1	whole_genome_shotgun_sequencing
FR651974.1	whole_genome_shotgun_sequencing
FR651975.1	whole_genome_shotgun_sequencing
FR651976.1	whole_genome_shotgun_sequencing
FR651977.1	whole_genome_shotgun_sequencing
FR651978.1	whole_genome_shotgun_sequencing
FR651979.1	whole_genome_shotgun_sequencing
FR651980.1	whole_genome_shotgun_sequencing
FR651981.1	whole_genome_shotgun_sequencing
FR651982.1	whole_genome_shotgun_sequencing
FR651983.1	whole_genome_shotgun_sequencing
FR651984.1	whole_genome_shotgun_sequencing
FR651985.1	whole_genome_shotgun_sequencing
FR651986.1	whole_genome_shotgun_sequencing
FR651987.1	whole_genome_shotgun_sequencing
FR651988.1	whole_genome_shotgun_sequencing
FR651989.1	whole_genome_shotgun_sequencing
FR651990.1	whole_genome_shotgun_sequencing
FR651991.1	whole_genome_shotgun_sequencing
FR651992.1	whole_genome_shotgun_sequencing
FR651993.1	whole_genome_shotgun_sequencing
FR651994.1	whole_genome_shotgun_sequencing
FR651995.1	whole_genome_shotgun_sequencing
FR651996.1	whole_genome_shotgun_sequencing
FR651997.1	whole_genome_shotgun_sequencing
FR651998.1	whole_genome_shotgun_sequencing
FR651999.1	whole_genome_shotgun_sequencing
FR652000.1	whole_genome_shotgun_sequencing
FR652001.1	whole_genome_shotgun_sequencing
FR652002.1	whole_genome_shotgun_sequencing
FR652003.1	whole_genome_shotgun_sequencing
FR652004.1	whole_genome_shotgun_sequencing
FR652005.1	whole_genome_shotgun_sequencing
FR652006.1	whole_genome_shotgun_sequencing
FR652007.1	whole_genome_shotgun_sequencing
FR652008.1	whole_genome_shotgun_sequencing
FR652009.1	whole_genome_shotgun_sequencing
FR652010.1	whole_genome_shotgun_sequencing
FR652011.1	whole_genome_shotgun_sequencing
FR652012.1	whole_genome_shotgun_sequencing
FR652013.1	whole_genome_shotgun_sequencing
FR652014.1	whole_genome_shotgun_sequencing
FR652015.1	whole_genome_shotgun_sequencing
FR652016.1	whole_genome_shotgun_sequencing
FR652017.1	whole_genome_shotgun_sequencing
FR652018.1	whole_genome_shotgun_sequencing
FR652019.1	whole_genome_shotgun_sequencing
FR652020.1	whole_genome_shotgun_sequencing
FR652021.1	whole_genome_shotgun_sequencing
FR652022.1	whole_genome_shotgun_sequencing
FR652023.1	whole_genome_shotgun_sequencing
FR652024.1	whole_genome_shotgun_sequencing
FR652025.1	whole_genome_shotgun_sequencing
FR652026.1	whole_genome_shotgun_sequencing
FR652027.1	whole_genome_shotgun_sequencing
FR652028.1	whole_genome_shotgun_sequencing
FR652029.1	whole_genome_shotgun_sequencing
FR652030.1	whole_genome_shotgun_sequencing
FR652031.1	whole_genome_shotgun_sequencing
FR652032.1	whole_genome_shotgun_sequencing
FR652033.1	whole_genome_shotgun_sequencing
FR652034.1	whole_genome_shotgun_sequencing
FR652035.1	whole_genome_shotgun_sequencing
FR652036.1	whole_genome_shotgun_sequencing
FR652037.1	whole_genome_shotgun_sequencing
FR652038.1	whole_genome_shotgun_sequencing
FR652039.1	whole_genome_shotgun_sequencing
FR652040.1	whole_genome_shotgun_sequencing
FR652041.1	whole_genome_shotgun_sequencing
FR652042.1	whole_genome_shotgun_sequencing
FR652043.1	whole_genome_shotgun_sequencing
FR652044.1	whole_genome_shotgun_sequencing
FR652045.1	whole_genome_shotgun_sequencing
FR652046.1	whole_genome_shotgun_sequencing
FR652047.1	whole_genome_shotgun_sequencing
FR652048.1	whole_genome_shotgun_sequencing
FR652049.1	whole_genome_shotgun_sequencing
FR652050.1	whole_genome_shotgun_sequencing
FR652051.1	whole_genome_shotgun_sequencing
FR652052.1	whole_genome_shotgun_sequencing
FR652053.1	whole_genome_shotgun_sequencing
FR652054.1	whole_genome_shotgun_sequencing
FR652055.1	whole_genome_shotgun_sequencing
FR652056.1	whole_genome_shotgun_sequencing
FR652057.1	whole_genome_shotgun_sequencing
FR652058.1	whole_genome_shotgun_sequencing
FR652059.1	whole_genome_shotgun_sequencing
FR652060.1	whole_genome_shotgun_sequencing
FR652061.1	whole_genome_shotgun_sequencing
FR652062.1	whole_genome_shotgun_sequencing
FR652063.1	whole_genome_shotgun_sequencing
FR652064.1	whole_genome_shotgun_sequencing
FR652065.1	whole_genome_shotgun_sequencing
FR652066.1	whole_genome_shotgun_sequencing
FR652067.1	whole_genome_shotgun_sequencing
FR652068.1	whole_genome_shotgun_sequencing
FR652069.1	whole_genome_shotgun_sequencing
FR652070.1	whole_genome_shotgun_sequencing
FR652071.1	whole_genome_shotgun_sequencing
FR652072.1	whole_genome_shotgun_sequencing
FR652073.1	whole_genome_shotgun_sequencing
FR652074.1	whole_genome_shotgun_sequencing
FR652075.1	whole_genome_shotgun_sequencing
FR652076.1	whole_genome_shotgun_sequencing
FR652077.1	whole_genome_shotgun_sequencing
FR652078.1	whole_genome_shotgun_sequencing
FR652079.1	whole_genome_shotgun_sequencing
FR652080.1	whole_genome_shotgun_sequencing
FR652081.1	whole_genome_shotgun_sequencing
FR652082.1	whole_genome_shotgun_sequencing
FR652083.1	whole_genome_shotgun_sequencing
FR652084.1	whole_genome_shotgun_sequencing
FR652085.1	whole_genome_shotgun_sequencing
FR652086.1	whole_genome_shotgun_sequencing
FR652087.1	whole_genome_shotgun_sequencing
FR652088.1	whole_genome_shotgun_sequencing
FR652089.1	whole_genome_shotgun_sequencing
FR652090.1	whole_genome_shotgun_sequencing
FR652091.1	whole_genome_shotgun_sequencing
FR652092.1	whole_genome_shotgun_sequencing
FR652093.1	whole_genome_shotgun_sequencing
FR652094.1	whole_genome_shotgun_sequencing
FR652095.1	whole_genome_shotgun_sequencing
FR652096.1	whole_genome_shotgun_sequencing
FR652097.1	whole_genome_shotgun_sequencing
FR652098.1	whole_genome_shotgun_sequencing
FR652099.1	whole_genome_shotgun_sequencing
FR652100.1	whole_genome_shotgun_sequencing
FR652101.1	whole_genome_shotgun_sequencing
FR652102.1	whole_genome_shotgun_sequencing
FR652103.1	whole_genome_shotgun_sequencing
FR652104.1	whole_genome_shotgun_sequencing
FR652105.1	whole_genome_shotgun_sequencing
FR652106.1	whole_genome_shotgun_sequencing
FR652107.1	whole_genome_shotgun_sequencing
FR652108.1	whole_genome_shotgun_sequencing
FR652109.1	whole_genome_shotgun_sequencing
FR652110.1	whole_genome_shotgun_sequencing
FR652111.1	whole_genome_shotgun_sequencing
FR652112.1	whole_genome_shotgun_sequencing
FR652113.1	whole_genome_shotgun_sequencing
FR652114.1	whole_genome_shotgun_sequencing
FR652115.1	whole_genome_shotgun_sequencing
FR652116.1	whole_genome_shotgun_sequencing
FR652117.1	whole_genome_shotgun_sequencing
FR652118.1	whole_genome_shotgun_sequencing
FR652119.1	whole_genome_shotgun_sequencing
FR652120.1	whole_genome_shotgun_sequencing
FR652121.1	whole_genome_shotgun_sequencing
FR652122.1	whole_genome_shotgun_sequencing
FR652123.1	whole_genome_shotgun_sequencing
FR652124.1	whole_genome_shotgun_sequencing
FR652125.1	whole_genome_shotgun_sequencing
FR652126.1	whole_genome_shotgun_sequencing
FR652127.1	whole_genome_shotgun_sequencing
FR652128.1	whole_genome_shotgun_sequencing
FR652129.1	whole_genome_shotgun_sequencing
FR652130.1	whole_genome_shotgun_sequencing
FR652131.1	whole_genome_shotgun_sequencing
FR652132.1	whole_genome_shotgun_sequencing
FR652133.1	whole_genome_shotgun_sequencing
FR652134.1	whole_genome_shotgun_sequencing
FR652135.1	whole_genome_shotgun_sequencing
FR652136.1	whole_genome_shotgun_sequencing
FR652137.1	whole_genome_shotgun_sequencing
FR652138.1	whole_genome_shotgun_sequencing
FR652139.1	whole_genome_shotgun_sequencing
FR652140.1	whole_genome_shotgun_sequencing
FR652141.1	whole_genome_shotgun_sequencing
FR652142.1	whole_genome_shotgun_sequencing
FR652143.1	whole_genome_shotgun_sequencing
FR652144.1	whole_genome_shotgun_sequencing
FR652145.1	whole_genome_shotgun_sequencing
FR652146.1	whole_genome_shotgun_sequencing
FR652147.1	whole_genome_shotgun_sequencing
FR652148.1	whole_genome_shotgun_sequencing
FR652149.1	whole_genome_shotgun_sequencing
FR652150.1	whole_genome_shotgun_sequencing
FR652151.1	whole_genome_shotgun_sequencing
FR652152.1	whole_genome_shotgun_sequencing
FR652153.1	whole_genome_shotgun_sequencing
FR652154.1	whole_genome_shotgun_sequencing
FR652155.1	whole_genome_shotgun_sequencing
FR652156.1	whole_genome_shotgun_sequencing
FR652157.1	whole_genome_shotgun_sequencing
FR652158.1	whole_genome_shotgun_sequencing
FR652159.1	whole_genome_shotgun_sequencing
FR652160.1	whole_genome_shotgun_sequencing
FR652161.1	whole_genome_shotgun_sequencing
FR652162.1	whole_genome_shotgun_sequencing
FR652163.1	whole_genome_shotgun_sequencing
FR652164.1	whole_genome_shotgun_sequencing
FR652165.1	whole_genome_shotgun_sequencing
FR652166.1	whole_genome_shotgun_sequencing
FR652167.1	whole_genome_shotgun_sequencing
FR652168.1	whole_genome_shotgun_sequencing
FR652169.1	whole_genome_shotgun_sequencing
FR652170.1	whole_genome_shotgun_sequencing
FR652171.1	whole_genome_shotgun_sequencing
FR652172.1	whole_genome_shotgun_sequencing
FR652173.1	whole_genome_shotgun_sequencing
FR652174.1	whole_genome_shotgun_sequencing
FR652175.1	whole_genome_shotgun_sequencing
FR652176.1	whole_genome_shotgun_sequencing
FR652177.1	whole_genome_shotgun_sequencing
FR652178.1	whole_genome_shotgun_sequencing
FR652179.1	whole_genome_shotgun_sequencing
FR652180.1	whole_genome_shotgun_sequencing
FR652181.1	whole_genome_shotgun_sequencing
FR652182.1	whole_genome_shotgun_sequencing
FR652183.1	whole_genome_shotgun_sequencing
FR652184.1	whole_genome_shotgun_sequencing
FR652185.1	whole_genome_shotgun_sequencing
FR652186.1	whole_genome_shotgun_sequencing
FR652187.1	whole_genome_shotgun_sequencing
FR652188.1	whole_genome_shotgun_sequencing
FR652189.1	whole_genome_shotgun_sequencing
FR652190.1	whole_genome_shotgun_sequencing
FR652191.1	whole_genome_shotgun_sequencing
FR652192.1	whole_genome_shotgun_sequencing
FR652193.1	whole_genome_shotgun_sequencing
FR652194.1	whole_genome_shotgun_sequencing
FR652195.1	whole_genome_shotgun_sequencing
FR652196.1	whole_genome_shotgun_sequencing
FR652197.1	whole_genome_shotgun_sequencing
FR652198.1	whole_genome_shotgun_sequencing
FR652199.1	whole_genome_shotgun_sequencing
FR652200.1	whole_genome_shotgun_sequencing
FR652201.1	whole_genome_shotgun_sequencing
FR652202.1	whole_genome_shotgun_sequencing
FR652203.1	whole_genome_shotgun_sequencing
FR652204.1	whole_genome_shotgun_sequencing
FR652205.1	whole_genome_shotgun_sequencing
FR652206.1	whole_genome_shotgun_sequencing
FR652207.1	whole_genome_shotgun_sequencing
FR652208.1	whole_genome_shotgun_sequencing
FR652209.1	whole_genome_shotgun_sequencing
FR652210.1	whole_genome_shotgun_sequencing
FR652211.1	whole_genome_shotgun_sequencing
FR652212.1	whole_genome_shotgun_sequencing
FR652213.1	whole_genome_shotgun_sequencing
FR652214.1	whole_genome_shotgun_sequencing
FR652215.1	whole_genome_shotgun_sequencing
FR652216.1	whole_genome_shotgun_sequencing
FR652217.1	whole_genome_shotgun_sequencing
FR652218.1	whole_genome_shotgun_sequencing
FR652219.1	whole_genome_shotgun_sequencing
FR652220.1	whole_genome_shotgun_sequencing
FR652221.1	whole_genome_shotgun_sequencing
FR652222.1	whole_genome_shotgun_sequencing
FR652223.1	whole_genome_shotgun_sequencing
FR652224.1	whole_genome_shotgun_sequencing
FR652225.1	whole_genome_shotgun_sequencing
FR652226.1	whole_genome_shotgun_sequencing
FR652227.1	whole_genome_shotgun_sequencing
FR652228.1	whole_genome_shotgun_sequencing
FR652229.1	whole_genome_shotgun_sequencing
FR652230.1	whole_genome_shotgun_sequencing
FR652231.1	whole_genome_shotgun_sequencing
FR652232.1	whole_genome_shotgun_sequencing
FR652233.1	whole_genome_shotgun_sequencing
FR652234.1	whole_genome_shotgun_sequencing
FR652235.1	whole_genome_shotgun_sequencing
FR652236.1	whole_genome_shotgun_sequencing
FR652237.1	whole_genome_shotgun_sequencing
FR652238.1	whole_genome_shotgun_sequencing
FR652239.1	whole_genome_shotgun_sequencing
FR652240.1	whole_genome_shotgun_sequencing
FR652241.1	whole_genome_shotgun_sequencing
FR652242.1	whole_genome_shotgun_sequencing
FR652243.1	whole_genome_shotgun_sequencing
FR652244.1	whole_genome_shotgun_sequencing
FR652245.1	whole_genome_shotgun_sequencing
FR652246.1	whole_genome_shotgun_sequencing
FR652247.1	whole_genome_shotgun_sequencing
FR652248.1	whole_genome_shotgun_sequencing
FR652249.1	whole_genome_shotgun_sequencing
FR652250.1	whole_genome_shotgun_sequencing
FR652251.1	whole_genome_shotgun_sequencing
FR652252.1	whole_genome_shotgun_sequencing
FR652253.1	whole_genome_shotgun_sequencing
FR652254.1	whole_genome_shotgun_sequencing
FR652255.1	whole_genome_shotgun_sequencing
FR652256.1	whole_genome_shotgun_sequencing
FR652257.1	whole_genome_shotgun_sequencing
FR652258.1	whole_genome_shotgun_sequencing
FR652259.1	whole_genome_shotgun_sequencing
FR652260.1	whole_genome_shotgun_sequencing
FR652261.1	whole_genome_shotgun_sequencing
FR652262.1	whole_genome_shotgun_sequencing
FR652263.1	whole_genome_shotgun_sequencing
FR652264.1	whole_genome_shotgun_sequencing
FR652265.1	whole_genome_shotgun_sequencing
FR652266.1	whole_genome_shotgun_sequencing
FR652267.1	whole_genome_shotgun_sequencing
FR652268.1	whole_genome_shotgun_sequencing
FR652269.1	whole_genome_shotgun_sequencing
FR652270.1	whole_genome_shotgun_sequencing
FR652271.1	whole_genome_shotgun_sequencing
FR652272.1	whole_genome_shotgun_sequencing
FR652273.1	whole_genome_shotgun_sequencing
FR652274.1	whole_genome_shotgun_sequencing
FR652275.1	whole_genome_shotgun_sequencing
FR652276.1	whole_genome_shotgun_sequencing
FR652277.1	whole_genome_shotgun_sequencing
FR652278.1	whole_genome_shotgun_sequencing
FR652279.1	whole_genome_shotgun_sequencing
FR652280.1	whole_genome_shotgun_sequencing
FR652281.1	whole_genome_shotgun_sequencing
FR652282.1	whole_genome_shotgun_sequencing
FR652283.1	whole_genome_shotgun_sequencing
FR652284.1	whole_genome_shotgun_sequencing
FR652285.1	whole_genome_shotgun_sequencing
FR652286.1	whole_genome_shotgun_sequencing
FR652287.1	whole_genome_shotgun_sequencing
FR652288.1	whole_genome_shotgun_sequencing
FR652289.1	whole_genome_shotgun_sequencing
FR652290.1	whole_genome_shotgun_sequencing
FR652291.1	whole_genome_shotgun_sequencing
FR652292.1	whole_genome_shotgun_sequencing
FR652293.1	whole_genome_shotgun_sequencing
FR652294.1	whole_genome_shotgun_sequencing
FR652295.1	whole_genome_shotgun_sequencing
FR652296.1	whole_genome_shotgun_sequencing
FR652297.1	whole_genome_shotgun_sequencing
FR652298.1	whole_genome_shotgun_sequencing
FR652299.1	whole_genome_shotgun_sequencing
FR652300.1	whole_genome_shotgun_sequencing
FR652301.1	whole_genome_shotgun_sequencing
FR652302.1	whole_genome_shotgun_sequencing
FR652303.1	whole_genome_shotgun_sequencing
FR652304.1	whole_genome_shotgun_sequencing
FR652305.1	whole_genome_shotgun_sequencing
FR652306.1	whole_genome_shotgun_sequencing
FR652307.1	whole_genome_shotgun_sequencing
FR652308.1	whole_genome_shotgun_sequencing
FR652309.1	whole_genome_shotgun_sequencing
FR652310.1	whole_genome_shotgun_sequencing
FR652311.1	whole_genome_shotgun_sequencing
FR652312.1	whole_genome_shotgun_sequencing
FR652313.1	whole_genome_shotgun_sequencing
FR652314.1	whole_genome_shotgun_sequencing
FR652315.1	whole_genome_shotgun_sequencing
FR652316.1	whole_genome_shotgun_sequencing
FR652317.1	whole_genome_shotgun_sequencing
FR652318.1	whole_genome_shotgun_sequencing
FR652319.1	whole_genome_shotgun_sequencing
FR652320.1	whole_genome_shotgun_sequencing
FR652321.1	whole_genome_shotgun_sequencing
FR652322.1	whole_genome_shotgun_sequencing
FR652323.1	whole_genome_shotgun_sequencing
FR652324.1	whole_genome_shotgun_sequencing
FR652325.1	whole_genome_shotgun_sequencing
FR652326.1	whole_genome_shotgun_sequencing
FR652327.1	whole_genome_shotgun_sequencing
FR652328.1	whole_genome_shotgun_sequencing
FR652329.1	whole_genome_shotgun_sequencing
FR652330.1	whole_genome_shotgun_sequencing
FR652331.1	whole_genome_shotgun_sequencing
FR652332.1	whole_genome_shotgun_sequencing
FR652333.1	whole_genome_shotgun_sequencing
FR652334.1	whole_genome_shotgun_sequencing
FR652335.1	whole_genome_shotgun_sequencing
FR652336.1	whole_genome_shotgun_sequencing
FR652337.1	whole_genome_shotgun_sequencing
FR652338.1	whole_genome_shotgun_sequencing
FR652339.1	whole_genome_shotgun_sequencing
FR652340.1	whole_genome_shotgun_sequencing
FR652341.1	whole_genome_shotgun_sequencing
FR652342.1	whole_genome_shotgun_sequencing
FR652343.1	whole_genome_shotgun_sequencing
FR652344.1	whole_genome_shotgun_sequencing
FR652345.1	whole_genome_shotgun_sequencing
FR652346.1	whole_genome_shotgun_sequencing
FR652347.1	whole_genome_shotgun_sequencing
FR652348.1	whole_genome_shotgun_sequencing
FR652349.1	whole_genome_shotgun_sequencing
FR652350.1	whole_genome_shotgun_sequencing
FR652351.1	whole_genome_shotgun_sequencing
FR652352.1	whole_genome_shotgun_sequencing
FR652353.1	whole_genome_shotgun_sequencing
FR652354.1	whole_genome_shotgun_sequencing
FR652355.1	whole_genome_shotgun_sequencing
FR652356.1	whole_genome_shotgun_sequencing
FR652357.1	whole_genome_shotgun_sequencing
FR652358.1	whole_genome_shotgun_sequencing
FR652359.1	whole_genome_shotgun_sequencing
FR652360.1	whole_genome_shotgun_sequencing
FR652361.1	whole_genome_shotgun_sequencing
FR652362.1	whole_genome_shotgun_sequencing
FR652363.1	whole_genome_shotgun_sequencing
FR652364.1	whole_genome_shotgun_sequencing
FR652365.1	whole_genome_shotgun_sequencing
FR652366.1	whole_genome_shotgun_sequencing
FR652367.1	whole_genome_shotgun_sequencing
FR652368.1	whole_genome_shotgun_sequencing
FR652369.1	whole_genome_shotgun_sequencing
FR652370.1	whole_genome_shotgun_sequencing
FR652371.1	whole_genome_shotgun_sequencing
FR652372.1	whole_genome_shotgun_sequencing
FR652373.1	whole_genome_shotgun_sequencing
FR652374.1	whole_genome_shotgun_sequencing
FR652375.1	whole_genome_shotgun_sequencing
FR652376.1	whole_genome_shotgun_sequencing
FR652377.1	whole_genome_shotgun_sequencing
FR652378.1	whole_genome_shotgun_sequencing
FR652379.1	whole_genome_shotgun_sequencing
FR652380.1	whole_genome_shotgun_sequencing
FR652381.1	whole_genome_shotgun_sequencing
FR652382.1	whole_genome_shotgun_sequencing
FR652383.1	whole_genome_shotgun_sequencing
FR652384.1	whole_genome_shotgun_sequencing
FR652385.1	whole_genome_shotgun_sequencing
FR652386.1	whole_genome_shotgun_sequencing
FR652387.1	whole_genome_shotgun_sequencing
FR652388.1	whole_genome_shotgun_sequencing
FR652389.1	whole_genome_shotgun_sequencing
FR652390.1	whole_genome_shotgun_sequencing
FR652391.1	whole_genome_shotgun_sequencing
FR652392.1	whole_genome_shotgun_sequencing
FR652393.1	whole_genome_shotgun_sequencing
FR652394.1	whole_genome_shotgun_sequencing
FR652395.1	whole_genome_shotgun_sequencing
FR652396.1	whole_genome_shotgun_sequencing
FR652397.1	whole_genome_shotgun_sequencing
FR652398.1	whole_genome_shotgun_sequencing
FR652399.1	whole_genome_shotgun_sequencing
FR652400.1	whole_genome_shotgun_sequencing
FR652401.1	whole_genome_shotgun_sequencing
FR652402.1	whole_genome_shotgun_sequencing
FR652403.1	whole_genome_shotgun_sequencing
FR652404.1	whole_genome_shotgun_sequencing
FR652405.1	whole_genome_shotgun_sequencing
FR652406.1	whole_genome_shotgun_sequencing
FR652407.1	whole_genome_shotgun_sequencing
FR652408.1	whole_genome_shotgun_sequencing
FR652409.1	whole_genome_shotgun_sequencing
FR652410.1	whole_genome_shotgun_sequencing
FR652411.1	whole_genome_shotgun_sequencing
FR652412.1	whole_genome_shotgun_sequencing
FR652413.1	whole_genome_shotgun_sequencing
FR652414.1	whole_genome_shotgun_sequencing
FR652415.1	whole_genome_shotgun_sequencing
FR652416.1	whole_genome_shotgun_sequencing
FR652417.1	whole_genome_shotgun_sequencing
FR652418.1	whole_genome_shotgun_sequencing
FR652419.1	whole_genome_shotgun_sequencing
FR652420.1	whole_genome_shotgun_sequencing
FR652421.1	whole_genome_shotgun_sequencing
FR652422.1	whole_genome_shotgun_sequencing
FR652423.1	whole_genome_shotgun_sequencing
FR652424.1	whole_genome_shotgun_sequencing
FR652425.1	whole_genome_shotgun_sequencing
FR652426.1	whole_genome_shotgun_sequencing
FR652427.1	whole_genome_shotgun_sequencing
FR652428.1	whole_genome_shotgun_sequencing
FR652429.1	whole_genome_shotgun_sequencing
FR652430.1	whole_genome_shotgun_sequencing
FR652431.1	whole_genome_shotgun_sequencing
FR652432.1	whole_genome_shotgun_sequencing
FR652433.1	whole_genome_shotgun_sequencing
FR652434.1	whole_genome_shotgun_sequencing
FR652435.1	whole_genome_shotgun_sequencing
FR652436.1	whole_genome_shotgun_sequencing
FR652437.1	whole_genome_shotgun_sequencing
FR652438.1	whole_genome_shotgun_sequencing
FR652439.1	whole_genome_shotgun_sequencing
FR652440.1	whole_genome_shotgun_sequencing
FR652441.1	whole_genome_shotgun_sequencing
FR652442.1	whole_genome_shotgun_sequencing
FR652443.1	whole_genome_shotgun_sequencing
FR652444.1	whole_genome_shotgun_sequencing
FR652445.1	whole_genome_shotgun_sequencing
FR652446.1	whole_genome_shotgun_sequencing
FR652447.1	whole_genome_shotgun_sequencing
FR652448.1	whole_genome_shotgun_sequencing
FR652449.1	whole_genome_shotgun_sequencing
FR652450.1	whole_genome_shotgun_sequencing
FR652451.1	whole_genome_shotgun_sequencing
FR652452.1	whole_genome_shotgun_sequencing
FR652453.1	whole_genome_shotgun_sequencing
FR652454.1	whole_genome_shotgun_sequencing
FR652455.1	whole_genome_shotgun_sequencing
FR652456.1	whole_genome_shotgun_sequencing
FR652457.1	whole_genome_shotgun_sequencing
FR652458.1	whole_genome_shotgun_sequencing
FR652459.1	whole_genome_shotgun_sequencing
FR652460.1	whole_genome_shotgun_sequencing
FR652461.1	whole_genome_shotgun_sequencing
FR652462.1	whole_genome_shotgun_sequencing
FR652463.1	whole_genome_shotgun_sequencing
FR652464.1	whole_genome_shotgun_sequencing
FR652465.1	whole_genome_shotgun_sequencing
FR652466.1	whole_genome_shotgun_sequencing
FR652467.1	whole_genome_shotgun_sequencing
FR652468.1	whole_genome_shotgun_sequencing
FR652469.1	whole_genome_shotgun_sequencing
FR652470.1	whole_genome_shotgun_sequencing
FR652471.1	whole_genome_shotgun_sequencing
FR652472.1	whole_genome_shotgun_sequencing
FR652473.1	whole_genome_shotgun_sequencing
FR652474.1	whole_genome_shotgun_sequencing
FR652475.1	whole_genome_shotgun_sequencing
FR652476.1	whole_genome_shotgun_sequencing
FR652477.1	whole_genome_shotgun_sequencing
FR652478.1	whole_genome_shotgun_sequencing
FR652479.1	whole_genome_shotgun_sequencing
FR652480.1	whole_genome_shotgun_sequencing
FR652481.1	whole_genome_shotgun_sequencing
FR652482.1	whole_genome_shotgun_sequencing
FR652483.1	whole_genome_shotgun_sequencing
FR652484.1	whole_genome_shotgun_sequencing
FR652485.1	whole_genome_shotgun_sequencing
FR652486.1	whole_genome_shotgun_sequencing
FR652487.1	whole_genome_shotgun_sequencing
FR652488.1	whole_genome_shotgun_sequencing
FR652489.1	whole_genome_shotgun_sequencing
FR652490.1	whole_genome_shotgun_sequencing
FR652491.1	whole_genome_shotgun_sequencing
FR652492.1	whole_genome_shotgun_sequencing
FR652493.1	whole_genome_shotgun_sequencing
FR652494.1	whole_genome_shotgun_sequencing
FR652495.1	whole_genome_shotgun_sequencing
FR652496.1	whole_genome_shotgun_sequencing
FR652497.1	whole_genome_shotgun_sequencing
FR652498.1	whole_genome_shotgun_sequencing
FR652499.1	whole_genome_shotgun_sequencing
FR652500.1	whole_genome_shotgun_sequencing
FR652501.1	whole_genome_shotgun_sequencing
FR652502.1	whole_genome_shotgun_sequencing
FR652503.1	whole_genome_shotgun_sequencing
FR652504.1	whole_genome_shotgun_sequencing
FR652505.1	whole_genome_shotgun_sequencing
FR652506.1	whole_genome_shotgun_sequencing
FR652507.1	whole_genome_shotgun_sequencing
FR652508.1	whole_genome_shotgun_sequencing
FR652509.1	whole_genome_shotgun_sequencing
FR652510.1	whole_genome_shotgun_sequencing
FR652511.1	whole_genome_shotgun_sequencing
FR652512.1	whole_genome_shotgun_sequencing
FR652513.1	whole_genome_shotgun_sequencing
FR652514.1	whole_genome_shotgun_sequencing
FR652515.1	whole_genome_shotgun_sequencing
FR652516.1	whole_genome_shotgun_sequencing
FR652517.1	whole_genome_shotgun_sequencing
FR652518.1	whole_genome_shotgun_sequencing
FR652519.1	whole_genome_shotgun_sequencing
FR652520.1	whole_genome_shotgun_sequencing
FR652521.1	whole_genome_shotgun_sequencing
FR652522.1	whole_genome_shotgun_sequencing
FR652523.1	whole_genome_shotgun_sequencing
FR652524.1	whole_genome_shotgun_sequencing
FR652525.1	whole_genome_shotgun_sequencing
FR652526.1	whole_genome_shotgun_sequencing
FR652527.1	whole_genome_shotgun_sequencing
FR652528.1	whole_genome_shotgun_sequencing
FR652529.1	whole_genome_shotgun_sequencing
FR652530.1	whole_genome_shotgun_sequencing
FR652531.1	whole_genome_shotgun_sequencing
FR652532.1	whole_genome_shotgun_sequencing
FR652533.1	whole_genome_shotgun_sequencing
FR652534.1	whole_genome_shotgun_sequencing
FR652535.1	whole_genome_shotgun_sequencing
FR652536.1	whole_genome_shotgun_sequencing
FR652537.1	whole_genome_shotgun_sequencing
FR652538.1	whole_genome_shotgun_sequencing
FR652539.1	whole_genome_shotgun_sequencing
FR652540.1	whole_genome_shotgun_sequencing
FR652541.1	whole_genome_shotgun_sequencing
FR652542.1	whole_genome_shotgun_sequencing
FR652543.1	whole_genome_shotgun_sequencing
FR652544.1	whole_genome_shotgun_sequencing
FR652545.1	whole_genome_shotgun_sequencing
FR652546.1	whole_genome_shotgun_sequencing
FR652547.1	whole_genome_shotgun_sequencing
FR652548.1	whole_genome_shotgun_sequencing
FR652549.1	whole_genome_shotgun_sequencing
FR652550.1	whole_genome_shotgun_sequencing
FR652551.1	whole_genome_shotgun_sequencing
FR652552.1	whole_genome_shotgun_sequencing
FR652553.1	whole_genome_shotgun_sequencing
FR652554.1	whole_genome_shotgun_sequencing
FR652555.1	whole_genome_shotgun_sequencing
FR652556.1	whole_genome_shotgun_sequencing
FR652557.1	whole_genome_shotgun_sequencing
FR652558.1	whole_genome_shotgun_sequencing
FR652559.1	whole_genome_shotgun_sequencing
FR652560.1	whole_genome_shotgun_sequencing
FR652561.1	whole_genome_shotgun_sequencing
FR652562.1	whole_genome_shotgun_sequencing
FR652563.1	whole_genome_shotgun_sequencing
FR652564.1	whole_genome_shotgun_sequencing
FR652565.1	whole_genome_shotgun_sequencing
FR652566.1	whole_genome_shotgun_sequencing
FR652567.1	whole_genome_shotgun_sequencing
FR652568.1	whole_genome_shotgun_sequencing
FR652569.1	whole_genome_shotgun_sequencing
FR652570.1	whole_genome_shotgun_sequencing
FR652571.1	whole_genome_shotgun_sequencing
FR652572.1	whole_genome_shotgun_sequencing
FR652573.1	whole_genome_shotgun_sequencing
FR652574.1	whole_genome_shotgun_sequencing
FR652575.1	whole_genome_shotgun_sequencing
FR652576.1	whole_genome_shotgun_sequencing
FR652577.1	whole_genome_shotgun_sequencing
FR652578.1	whole_genome_shotgun_sequencing
FR652579.1	whole_genome_shotgun_sequencing
FR652580.1	whole_genome_shotgun_sequencing
FR652581.1	whole_genome_shotgun_sequencing
FR652582.1	whole_genome_shotgun_sequencing
FR652583.1	whole_genome_shotgun_sequencing
FR652584.1	whole_genome_shotgun_sequencing
FR652585.1	whole_genome_shotgun_sequencing
FR652586.1	whole_genome_shotgun_sequencing
FR652587.1	whole_genome_shotgun_sequencing
FR652588.1	whole_genome_shotgun_sequencing
FR652589.1	whole_genome_shotgun_sequencing
FR652590.1	whole_genome_shotgun_sequencing
FR652591.1	whole_genome_shotgun_sequencing
FR652592.1	whole_genome_shotgun_sequencing
FR652593.1	whole_genome_shotgun_sequencing
FR652594.1	whole_genome_shotgun_sequencing
FR652595.1	whole_genome_shotgun_sequencing
FR652596.1	whole_genome_shotgun_sequencing
FR652597.1	whole_genome_shotgun_sequencing
FR652598.1	whole_genome_shotgun_sequencing
FR652599.1	whole_genome_shotgun_sequencing
FR652600.1	whole_genome_shotgun_sequencing
FR652601.1	whole_genome_shotgun_sequencing
FR652602.1	whole_genome_shotgun_sequencing
FR652603.1	whole_genome_shotgun_sequencing
FR652604.1	whole_genome_shotgun_sequencing
FR652605.1	whole_genome_shotgun_sequencing
FR652606.1	whole_genome_shotgun_sequencing
FR652607.1	whole_genome_shotgun_sequencing
FR652608.1	whole_genome_shotgun_sequencing
FR652609.1	whole_genome_shotgun_sequencing
FR652610.1	whole_genome_shotgun_sequencing
FR652611.1	whole_genome_shotgun_sequencing
FR652612.1	whole_genome_shotgun_sequencing
FR652613.1	whole_genome_shotgun_sequencing
FR652614.1	whole_genome_shotgun_sequencing
FR652615.1	whole_genome_shotgun_sequencing
FR652616.1	whole_genome_shotgun_sequencing
FR652617.1	whole_genome_shotgun_sequencing
FR652618.1	whole_genome_shotgun_sequencing
FR652619.1	whole_genome_shotgun_sequencing
FR652620.1	whole_genome_shotgun_sequencing
FR652621.1	whole_genome_shotgun_sequencing
FR652622.1	whole_genome_shotgun_sequencing
FR652623.1	whole_genome_shotgun_sequencing
FR652624.1	whole_genome_shotgun_sequencing
FR652625.1	whole_genome_shotgun_sequencing
FR652626.1	whole_genome_shotgun_sequencing
FR652627.1	whole_genome_shotgun_sequencing
FR652628.1	whole_genome_shotgun_sequencing
FR652629.1	whole_genome_shotgun_sequencing
FR652630.1	whole_genome_shotgun_sequencing
FR652631.1	whole_genome_shotgun_sequencing
FR652632.1	whole_genome_shotgun_sequencing
FR652633.1	whole_genome_shotgun_sequencing
FR652634.1	whole_genome_shotgun_sequencing
FR652635.1	whole_genome_shotgun_sequencing
FR652636.1	whole_genome_shotgun_sequencing
FR652637.1	whole_genome_shotgun_sequencing
FR652638.1	whole_genome_shotgun_sequencing
FR652639.1	whole_genome_shotgun_sequencing
FR652640.1	whole_genome_shotgun_sequencing
FR652641.1	whole_genome_shotgun_sequencing
FR652642.1	whole_genome_shotgun_sequencing
FR652643.1	whole_genome_shotgun_sequencing
FR652644.1	whole_genome_shotgun_sequencing
FR652645.1	whole_genome_shotgun_sequencing
FR652646.1	whole_genome_shotgun_sequencing
FR652647.1	whole_genome_shotgun_sequencing
FR652648.1	whole_genome_shotgun_sequencing
FR652649.1	whole_genome_shotgun_sequencing
FR652650.1	whole_genome_shotgun_sequencing
FR652651.1	whole_genome_shotgun_sequencing
FR652652.1	whole_genome_shotgun_sequencing
FR652653.1	whole_genome_shotgun_sequencing
FR652654.1	whole_genome_shotgun_sequencing
FR652655.1	whole_genome_shotgun_sequencing
FR652656.1	whole_genome_shotgun_sequencing
FR652657.1	whole_genome_shotgun_sequencing
FR652658.1	whole_genome_shotgun_sequencing
FR652659.1	whole_genome_shotgun_sequencing
FR652660.1	whole_genome_shotgun_sequencing
FR652661.1	whole_genome_shotgun_sequencing
FR652662.1	whole_genome_shotgun_sequencing
FR652663.1	whole_genome_shotgun_sequencing
FR652664.1	whole_genome_shotgun_sequencing
FR652665.1	whole_genome_shotgun_sequencing
FR652666.1	whole_genome_shotgun_sequencing
FR652667.1	whole_genome_shotgun_sequencing
FR652668.1	whole_genome_shotgun_sequencing
FR652669.1	whole_genome_shotgun_sequencing
FR652670.1	whole_genome_shotgun_sequencing
FR652671.1	whole_genome_shotgun_sequencing
FR652672.1	whole_genome_shotgun_sequencing
FR652673.1	whole_genome_shotgun_sequencing
FR652674.1	whole_genome_shotgun_sequencing
FR652675.1	whole_genome_shotgun_sequencing
FR652676.1	whole_genome_shotgun_sequencing
FR652677.1	whole_genome_shotgun_sequencing
FR652678.1	whole_genome_shotgun_sequencing
FR652679.1	whole_genome_shotgun_sequencing
FR652680.1	whole_genome_shotgun_sequencing
FR652681.1	whole_genome_shotgun_sequencing
FR652682.1	whole_genome_shotgun_sequencing
FR652683.1	whole_genome_shotgun_sequencing
FR652684.1	whole_genome_shotgun_sequencing
FR652685.1	whole_genome_shotgun_sequencing
FR652686.1	whole_genome_shotgun_sequencing
FR652687.1	whole_genome_shotgun_sequencing
FR652688.1	whole_genome_shotgun_sequencing
FR652689.1	whole_genome_shotgun_sequencing
FR652690.1	whole_genome_shotgun_sequencing
FR652691.1	whole_genome_shotgun_sequencing
FR652692.1	whole_genome_shotgun_sequencing
FR652693.1	whole_genome_shotgun_sequencing
FR652694.1	whole_genome_shotgun_sequencing
FR652695.1	whole_genome_shotgun_sequencing
FR652696.1	whole_genome_shotgun_sequencing
FR652697.1	whole_genome_shotgun_sequencing
FR652698.1	whole_genome_shotgun_sequencing
FR652699.1	whole_genome_shotgun_sequencing
FR652700.1	whole_genome_shotgun_sequencing
FR652701.1	whole_genome_shotgun_sequencing
FR652702.1	whole_genome_shotgun_sequencing
FR652703.1	whole_genome_shotgun_sequencing
FR652704.1	whole_genome_shotgun_sequencing
FR652705.1	whole_genome_shotgun_sequencing
FR652706.1	whole_genome_shotgun_sequencing
FR652707.1	whole_genome_shotgun_sequencing
FR652708.1	whole_genome_shotgun_sequencing
FR652709.1	whole_genome_shotgun_sequencing
FR652710.1	whole_genome_shotgun_sequencing
FR652711.1	whole_genome_shotgun_sequencing
FR652712.1	whole_genome_shotgun_sequencing
FR652713.1	whole_genome_shotgun_sequencing
FR652714.1	whole_genome_shotgun_sequencing
FR652715.1	whole_genome_shotgun_sequencing
FR652716.1	whole_genome_shotgun_sequencing
FR652717.1	whole_genome_shotgun_sequencing
FR652718.1	whole_genome_shotgun_sequencing
FR652719.1	whole_genome_shotgun_sequencing
FR652720.1	whole_genome_shotgun_sequencing
FR652721.1	whole_genome_shotgun_sequencing
FR652722.1	whole_genome_shotgun_sequencing
FR652723.1	whole_genome_shotgun_sequencing
FR652724.1	whole_genome_shotgun_sequencing
FR652725.1	whole_genome_shotgun_sequencing
FR652726.1	whole_genome_shotgun_sequencing
FR652727.1	whole_genome_shotgun_sequencing
FR652728.1	whole_genome_shotgun_sequencing
FR652729.1	whole_genome_shotgun_sequencing
FR652730.1	whole_genome_shotgun_sequencing
FR652731.1	whole_genome_shotgun_sequencing
FR652732.1	whole_genome_shotgun_sequencing
FR652733.1	whole_genome_shotgun_sequencing
FR652734.1	whole_genome_shotgun_sequencing
FR652735.1	whole_genome_shotgun_sequencing
FR652736.1	whole_genome_shotgun_sequencing
FR652737.1	whole_genome_shotgun_sequencing
FR652738.1	whole_genome_shotgun_sequencing
FR652739.1	whole_genome_shotgun_sequencing
FR652740.1	whole_genome_shotgun_sequencing
FR652741.1	whole_genome_shotgun_sequencing
FR652742.1	whole_genome_shotgun_sequencing
FR652743.1	whole_genome_shotgun_sequencing
FR652744.1	whole_genome_shotgun_sequencing
FR652745.1	whole_genome_shotgun_sequencing
FR652746.1	whole_genome_shotgun_sequencing
FR652747.1	whole_genome_shotgun_sequencing
FR652748.1	whole_genome_shotgun_sequencing
FR652749.1	whole_genome_shotgun_sequencing
FR652750.1	whole_genome_shotgun_sequencing
FR652751.1	whole_genome_shotgun_sequencing
FR652752.1	whole_genome_shotgun_sequencing
FR652753.1	whole_genome_shotgun_sequencing
FR652754.1	whole_genome_shotgun_sequencing
FR652755.1	whole_genome_shotgun_sequencing
FR652756.1	whole_genome_shotgun_sequencing
FR652757.1	whole_genome_shotgun_sequencing
FR652758.1	whole_genome_shotgun_sequencing
FR652759.1	whole_genome_shotgun_sequencing
FR652760.1	whole_genome_shotgun_sequencing
FR652761.1	whole_genome_shotgun_sequencing
FR652762.1	whole_genome_shotgun_sequencing
FR652763.1	whole_genome_shotgun_sequencing
FR652764.1	whole_genome_shotgun_sequencing
FR652765.1	whole_genome_shotgun_sequencing
FR652766.1	whole_genome_shotgun_sequencing
FR652767.1	whole_genome_shotgun_sequencing
FR652768.1	whole_genome_shotgun_sequencing
FR652769.1	whole_genome_shotgun_sequencing
FR652770.1	whole_genome_shotgun_sequencing
FR652771.1	whole_genome_shotgun_sequencing
FR652772.1	whole_genome_shotgun_sequencing
FR652773.1	whole_genome_shotgun_sequencing
FR652774.1	whole_genome_shotgun_sequencing
FR652775.1	whole_genome_shotgun_sequencing
FR652776.1	whole_genome_shotgun_sequencing
FR652777.1	whole_genome_shotgun_sequencing
FR652778.1	whole_genome_shotgun_sequencing
FR652779.1	whole_genome_shotgun_sequencing
FR652780.1	whole_genome_shotgun_sequencing
FR652781.1	whole_genome_shotgun_sequencing
FR652782.1	whole_genome_shotgun_sequencing
FR652783.1	whole_genome_shotgun_sequencing
FR652784.1	whole_genome_shotgun_sequencing
FR652785.1	whole_genome_shotgun_sequencing
FR652786.1	whole_genome_shotgun_sequencing
FR652787.1	whole_genome_shotgun_sequencing
FR652788.1	whole_genome_shotgun_sequencing
FR652789.1	whole_genome_shotgun_sequencing
FR652790.1	whole_genome_shotgun_sequencing
FR652791.1	whole_genome_shotgun_sequencing
FR652792.1	whole_genome_shotgun_sequencing
FR652793.1	whole_genome_shotgun_sequencing
FR652794.1	whole_genome_shotgun_sequencing
FR652795.1	whole_genome_shotgun_sequencing
FR652796.1	whole_genome_shotgun_sequencing
FR652797.1	whole_genome_shotgun_sequencing
FR652798.1	whole_genome_shotgun_sequencing
FR652799.1	whole_genome_shotgun_sequencing
FR652800.1	whole_genome_shotgun_sequencing
FR652801.1	whole_genome_shotgun_sequencing
FR652802.1	whole_genome_shotgun_sequencing
FR652803.1	whole_genome_shotgun_sequencing
FR652804.1	whole_genome_shotgun_sequencing
FR652805.1	whole_genome_shotgun_sequencing
FR652806.1	whole_genome_shotgun_sequencing
FR652807.1	whole_genome_shotgun_sequencing
FR652808.1	whole_genome_shotgun_sequencing
FR652809.1	whole_genome_shotgun_sequencing
FR652810.1	whole_genome_shotgun_sequencing
FR652811.1	whole_genome_shotgun_sequencing
FR652812.1	whole_genome_shotgun_sequencing
FR652813.1	whole_genome_shotgun_sequencing
FR652814.1	whole_genome_shotgun_sequencing
FR652815.1	whole_genome_shotgun_sequencing
FR652816.1	whole_genome_shotgun_sequencing
FR652817.1	whole_genome_shotgun_sequencing
FR652818.1	whole_genome_shotgun_sequencing
FR652819.1	whole_genome_shotgun_sequencing
FR652820.1	whole_genome_shotgun_sequencing
FR652821.1	whole_genome_shotgun_sequencing
FR652822.1	whole_genome_shotgun_sequencing
FR652823.1	whole_genome_shotgun_sequencing
FR652824.1	whole_genome_shotgun_sequencing
FR652825.1	whole_genome_shotgun_sequencing
FR652826.1	whole_genome_shotgun_sequencing
FR652827.1	whole_genome_shotgun_sequencing
FR652828.1	whole_genome_shotgun_sequencing
FR652829.1	whole_genome_shotgun_sequencing
FR652830.1	whole_genome_shotgun_sequencing
FR652831.1	whole_genome_shotgun_sequencing
FR652832.1	whole_genome_shotgun_sequencing
FR652833.1	whole_genome_shotgun_sequencing
FR652834.1	whole_genome_shotgun_sequencing
FR652835.1	whole_genome_shotgun_sequencing
FR652836.1	whole_genome_shotgun_sequencing
FR652837.1	whole_genome_shotgun_sequencing
FR652838.1	whole_genome_shotgun_sequencing
FR652839.1	whole_genome_shotgun_sequencing
FR652840.1	whole_genome_shotgun_sequencing
FR652841.1	whole_genome_shotgun_sequencing
FR652842.1	whole_genome_shotgun_sequencing
FR652843.1	whole_genome_shotgun_sequencing
FR652844.1	whole_genome_shotgun_sequencing
FR652845.1	whole_genome_shotgun_sequencing
FR652846.1	whole_genome_shotgun_sequencing
FR652847.1	whole_genome_shotgun_sequencing
FR652848.1	whole_genome_shotgun_sequencing
FR652849.1	whole_genome_shotgun_sequencing
FR652850.1	whole_genome_shotgun_sequencing
FR652851.1	whole_genome_shotgun_sequencing
FR652852.1	whole_genome_shotgun_sequencing
FR652853.1	whole_genome_shotgun_sequencing
FR652854.1	whole_genome_shotgun_sequencing
FR652855.1	whole_genome_shotgun_sequencing
FR652856.1	whole_genome_shotgun_sequencing
FR652857.1	whole_genome_shotgun_sequencing
FR652858.1	whole_genome_shotgun_sequencing
FR652859.1	whole_genome_shotgun_sequencing
FR652860.1	whole_genome_shotgun_sequencing
FR652861.1	whole_genome_shotgun_sequencing
FR652862.1	whole_genome_shotgun_sequencing
FR652863.1	whole_genome_shotgun_sequencing
FR652864.1	whole_genome_shotgun_sequencing
FR652865.1	whole_genome_shotgun_sequencing
FR652866.1	whole_genome_shotgun_sequencing
FR652867.1	whole_genome_shotgun_sequencing
FR652868.1	whole_genome_shotgun_sequencing
FR652869.1	whole_genome_shotgun_sequencing
FR652870.1	whole_genome_shotgun_sequencing
FR652871.1	whole_genome_shotgun_sequencing
FR652872.1	whole_genome_shotgun_sequencing
FR652873.1	whole_genome_shotgun_sequencing
FR652874.1	whole_genome_shotgun_sequencing
FR652875.1	whole_genome_shotgun_sequencing
FR652876.1	whole_genome_shotgun_sequencing
FR652877.1	whole_genome_shotgun_sequencing
FR652878.1	whole_genome_shotgun_sequencing
FR652879.1	whole_genome_shotgun_sequencing
FR652880.1	whole_genome_shotgun_sequencing
FR652881.1	whole_genome_shotgun_sequencing
FR652882.1	whole_genome_shotgun_sequencing
FR652883.1	whole_genome_shotgun_sequencing
FR652884.1	whole_genome_shotgun_sequencing
FR652885.1	whole_genome_shotgun_sequencing
FR652886.1	whole_genome_shotgun_sequencing
FR652887.1	whole_genome_shotgun_sequencing
FR652888.1	whole_genome_shotgun_sequencing
FR652889.1	whole_genome_shotgun_sequencing
FR652890.1	whole_genome_shotgun_sequencing
FR652891.1	whole_genome_shotgun_sequencing
FR652892.1	whole_genome_shotgun_sequencing
FR652893.1	whole_genome_shotgun_sequencing
FR652894.1	whole_genome_shotgun_sequencing
FR652895.1	whole_genome_shotgun_sequencing
FR652896.1	whole_genome_shotgun_sequencing
FR652897.1	whole_genome_shotgun_sequencing
FR652898.1	whole_genome_shotgun_sequencing
FR652899.1	whole_genome_shotgun_sequencing
FR652900.1	whole_genome_shotgun_sequencing
FR652901.1	whole_genome_shotgun_sequencing
FR652902.1	whole_genome_shotgun_sequencing
FR652903.1	whole_genome_shotgun_sequencing
FR652904.1	whole_genome_shotgun_sequencing
FR652905.1	whole_genome_shotgun_sequencing
FR652906.1	whole_genome_shotgun_sequencing
FR652907.1	whole_genome_shotgun_sequencing
FR652908.1	whole_genome_shotgun_sequencing
FR652909.1	whole_genome_shotgun_sequencing
FR652910.1	whole_genome_shotgun_sequencing
FR652911.1	whole_genome_shotgun_sequencing
FR652912.1	whole_genome_shotgun_sequencing
FR652913.1	whole_genome_shotgun_sequencing
FR652914.1	whole_genome_shotgun_sequencing
FR652915.1	whole_genome_shotgun_sequencing
FR652916.1	whole_genome_shotgun_sequencing
FR652917.1	whole_genome_shotgun_sequencing
FR652918.1	whole_genome_shotgun_sequencing
FR652919.1	whole_genome_shotgun_sequencing
FR652920.1	whole_genome_shotgun_sequencing
FR652921.1	whole_genome_shotgun_sequencing
FR652922.1	whole_genome_shotgun_sequencing
FR652923.1	whole_genome_shotgun_sequencing
FR652924.1	whole_genome_shotgun_sequencing
FR652925.1	whole_genome_shotgun_sequencing
FR652926.1	whole_genome_shotgun_sequencing
FR652927.1	whole_genome_shotgun_sequencing
FR652928.1	whole_genome_shotgun_sequencing
FR652929.1	whole_genome_shotgun_sequencing
FR652930.1	whole_genome_shotgun_sequencing
FR652931.1	whole_genome_shotgun_sequencing
FR652932.1	whole_genome_shotgun_sequencing
FR652933.1	whole_genome_shotgun_sequencing
FR652934.1	whole_genome_shotgun_sequencing
FR652935.1	whole_genome_shotgun_sequencing
FR652936.1	whole_genome_shotgun_sequencing
FR652937.1	whole_genome_shotgun_sequencing
FR652938.1	whole_genome_shotgun_sequencing
FR652939.1	whole_genome_shotgun_sequencing
FR652940.1	whole_genome_shotgun_sequencing
FR652941.1	whole_genome_shotgun_sequencing
FR652942.1	whole_genome_shotgun_sequencing
FR652943.1	whole_genome_shotgun_sequencing
FR652944.1	whole_genome_shotgun_sequencing
FR652945.1	whole_genome_shotgun_sequencing
FR652946.1	whole_genome_shotgun_sequencing
FR652947.1	whole_genome_shotgun_sequencing
FR652948.1	whole_genome_shotgun_sequencing
FR652949.1	whole_genome_shotgun_sequencing
FR652950.1	whole_genome_shotgun_sequencing
FR652951.1	whole_genome_shotgun_sequencing
FR652952.1	whole_genome_shotgun_sequencing
FR652953.1	whole_genome_shotgun_sequencing
FR652954.1	whole_genome_shotgun_sequencing
FR652955.1	whole_genome_shotgun_sequencing
FR652956.1	whole_genome_shotgun_sequencing
FR652957.1	whole_genome_shotgun_sequencing
