Sample_Identity	Alignment_File	VCF_Original	VCF_Merged	VCF_ChrFixed	VCF_Annotated	VCF_Candidates	Snzl_NoGaps_NBases	Snzl_NoGaps_NSnps	Snzl_WithGaps_NBases	Snzl_WithGaps_NSnps	Json	Sample_Short
TL2209397-ENUref-Female-6-MAN-20220655	/hogan_lab/Hogan_Lab_Shared/Zebrafish_Homozygosity//Alignment_VariantCall/220701_A01221_0125_BHCCHNDMXY/TL2209397-ENUref-Female-6-MAN-20220655/Bam/TL2209397-ENUref-Female-6-_merged.markdups.bam	/hogan_lab/Hogan_Lab_Shared/Zebrafish_Homozygosity//Alignment_VariantCall/220701_A01221_0125_BHCCHNDMXY/TL2209397-ENUref-Female-6-MAN-20220655/Vcf/TL2209397-ENUref-Female-6-_gcv_UG.vcf										TL2209397-ENUref-Female
TL2209398-ENUref-Male-6-MAN-20220656	/hogan_lab/Hogan_Lab_Shared/Zebrafish_Homozygosity//Alignment_VariantCall/220701_A01221_0125_BHCCHNDMXY/TL2209398-ENUref-Male-6-MAN-20220656/Bam/TL2209398-ENUref-Male-6-MA_merged.markdups.bam	/hogan_lab/Hogan_Lab_Shared/Zebrafish_Homozygosity//Alignment_VariantCall/220701_A01221_0125_BHCCHNDMXY/TL2209398-ENUref-Male-6-MAN-20220656/Vcf/TL2209398-ENUref-Male-6-MA_gcv_UG.vcf										TL2209398-ENUref-Male
TL2209399-TUref-Female-4-MAN-20220657	/hogan_lab/Hogan_Lab_Shared/Zebrafish_Homozygosity//Alignment_VariantCall/220701_A01221_0125_BHCCHNDMXY/TL2209399-TUref-Female-4-MAN-20220657/Bam/TL2209399-TUref-Female-4-M_merged.markdups.bam	/hogan_lab/Hogan_Lab_Shared/Zebrafish_Homozygosity//Alignment_VariantCall/220701_A01221_0125_BHCCHNDMXY/TL2209399-TUref-Female-4-MAN-20220657/Vcf/TL2209399-TUref-Female-4-M_gcv_UG.vcf										TL2209399-TUref-Female
TL2209400-TUref-Male-4-MAN-20220658	/hogan_lab/Hogan_Lab_Shared/Zebrafish_Homozygosity//Alignment_VariantCall/220701_A01221_0125_BHCCHNDMXY/TL2209400-TUref-Male-4-MAN-20220658/Bam/TL2209400-TUref-Male-4-MAN_merged.markdups.bam	/hogan_lab/Hogan_Lab_Shared/Zebrafish_Homozygosity//Alignment_VariantCall/220701_A01221_0125_BHCCHNDMXY/TL2209400-TUref-Male-4-MAN-20220658/Vcf/TL2209400-TUref-Male-4-MAN_gcv_UG.vcf										TL2209400-TUref-Male
TL2211776-1-5-MAN-20220915	/hogan_lab/Hogan_Lab_Shared/Zebrafish_Homozygosity/Alignment_VariantCall/220930_A00692_316_AHVMJFDSX3/TL2211776-1-5-MAN-20220915/Bam/TL2211776-1-5-MAN-20220915_merged.markdups.bam	/hogan_lab/Hogan_Lab_Shared/Zebrafish_Homozygosity/Alignment_VariantCall/220930_A00692_316_AHVMJFDSX3/TL2211776-1-5-MAN-20220915/Vcf/TL2211776-1-5-MAN-20220915_gcv_UG.vcf.gz	/hogan_lab/Hogan_Lab_Shared/Zebrafish_Homozygosity/Alignment_VariantCall/220930_A00692_316_AHVMJFDSX3/TL2211776-1-5-MAN-20220915/Vcf/TL2211776-1-5-MAN-20220915_Ref_merged.vcf.gz	/hogan_lab/Hogan_Lab_Shared/Zebrafish_Homozygosity/Alignment_VariantCall/220930_A00692_316_AHVMJFDSX3/TL2211776-1-5-MAN-20220915/Vcf/TL2211776-1-5-MAN-20220915_Ref_merged_ChromFixed.vcf.gz	/hogan_lab/Hogan_Lab_Shared/Zebrafish_Homozygosity/Alignment_VariantCall/220930_A00692_316_AHVMJFDSX3/TL2211776-1-5-MAN-20220915/Vcf/TL2211776-1-5-MAN-20220915_Ref_merged_ChromFixed.vcf.annotated.vcf.gz	/hogan_lab/Hogan_Lab_Shared/Zebrafish_Homozygosity/Alignment_VariantCall/220930_A00692_316_AHVMJFDSX3/TL2211776-1-5-MAN-20220915/candidates.vcf	/hogan_lab/Hogan_Lab_Shared/Zebrafish_Homozygosity/Alignment_VariantCall/220930_A00692_316_AHVMJFDSX3/TL2211776-1-5-MAN-20220915/bedgraph/TL2211776-1-5-MAN-20220915.nogap_nbases	/hogan_lab/Hogan_Lab_Shared/Zebrafish_Homozygosity/Alignment_VariantCall/220930_A00692_316_AHVMJFDSX3/TL2211776-1-5-MAN-20220915/bedgraph/TL2211776-1-5-MAN-20220915.nogap_nsnps	/hogan_lab/Hogan_Lab_Shared/Zebrafish_Homozygosity/Alignment_VariantCall/220930_A00692_316_AHVMJFDSX3/TL2211776-1-5-MAN-20220915/bedgraph/TL2211776-1-5-MAN-20220915.withgap_nbases	/hogan_lab/Hogan_Lab_Shared/Zebrafish_Homozygosity/Alignment_VariantCall/220930_A00692_316_AHVMJFDSX3/TL2211776-1-5-MAN-20220915/bedgraph/TL2211776-1-5-MAN-20220915.withgap_nsnps	/hogan_lab/Hogan_Lab_Shared/Zebrafish_Homozygosity/Alignment_VariantCall/220930_A00692_316_AHVMJFDSX3/TL2211776-1-5-MAN-20220915/TL2211776-1-5-MAN-20220915_candidates.json	TL2211776-1-5
TL2211777-9-4-MAN-20220915	/hogan_lab/Hogan_Lab_Shared/Zebrafish_Homozygosity/Alignment_VariantCall/220930_A00692_316_AHVMJFDSX3/TL2211777-9-4-MAN-20220915/Bam/TL2211777-9-4-MAN-20220915_merged.markdups.bam	/hogan_lab/Hogan_Lab_Shared/Zebrafish_Homozygosity/Alignment_VariantCall/220930_A00692_316_AHVMJFDSX3/TL2211777-9-4-MAN-20220915/Vcf/TL2211777-9-4-MAN-20220915_gcv_UG.vcf.gz	/hogan_lab/Hogan_Lab_Shared/Zebrafish_Homozygosity/Alignment_VariantCall/220930_A00692_316_AHVMJFDSX3/TL2211777-9-4-MAN-20220915/Vcf/TL2211777-9-4-MAN-20220915_Ref_merged.vcf.gz	/hogan_lab/Hogan_Lab_Shared/Zebrafish_Homozygosity/Alignment_VariantCall/220930_A00692_316_AHVMJFDSX3/TL2211777-9-4-MAN-20220915/Vcf/TL2211777-9-4-MAN-20220915_Ref_merged_ChromFixed.vcf.gz	/hogan_lab/Hogan_Lab_Shared/Zebrafish_Homozygosity/Alignment_VariantCall/220930_A00692_316_AHVMJFDSX3/TL2211777-9-4-MAN-20220915/Vcf/TL2211777-9-4-MAN-20220915_Ref_merged_ChromFixed.vcf.annotated.vcf.gz	/hogan_lab/Hogan_Lab_Shared/Zebrafish_Homozygosity/Alignment_VariantCall/220930_A00692_316_AHVMJFDSX3/TL2211777-9-4-MAN-20220915/candidates.vcf	/hogan_lab/Hogan_Lab_Shared/Zebrafish_Homozygosity/Alignment_VariantCall/220930_A00692_316_AHVMJFDSX3/TL2211777-9-4-MAN-20220915/bedgraph/TL2211777-9-4-MAN-20220915.nogap_nbases	/hogan_lab/Hogan_Lab_Shared/Zebrafish_Homozygosity/Alignment_VariantCall/220930_A00692_316_AHVMJFDSX3/TL2211777-9-4-MAN-20220915/bedgraph/TL2211777-9-4-MAN-20220915.nogap_nsnps	/hogan_lab/Hogan_Lab_Shared/Zebrafish_Homozygosity/Alignment_VariantCall/220930_A00692_316_AHVMJFDSX3/TL2211777-9-4-MAN-20220915/bedgraph/TL2211777-9-4-MAN-20220915.withgap_nbases	/hogan_lab/Hogan_Lab_Shared/Zebrafish_Homozygosity/Alignment_VariantCall/220930_A00692_316_AHVMJFDSX3/TL2211777-9-4-MAN-20220915/bedgraph/TL2211777-9-4-MAN-20220915.withgap_nsnps	/hogan_lab/Hogan_Lab_Shared/Zebrafish_Homozygosity/Alignment_VariantCall/220930_A00692_316_AHVMJFDSX3/TL2211777-9-4-MAN-20220915/TL2211777-9-4-MAN-20220915_candidates.json	TL2211777-9-4
TL2211778-11-1-MAN-20220915	/hogan_lab/Hogan_Lab_Shared/Zebrafish_Homozygosity/Alignment_VariantCall/220930_A00692_316_AHVMJFDSX3/TL2211778-11-1-MAN-20220915/Bam/TL2211778-11-1-MAN-2022091_merged.markdups.bam	/hogan_lab/Hogan_Lab_Shared/Zebrafish_Homozygosity/Alignment_VariantCall/220930_A00692_316_AHVMJFDSX3/TL2211778-11-1-MAN-20220915/Vcf/TL2211778-11-1-MAN-2022091_gcv_UG.vcf.gz	/hogan_lab/Hogan_Lab_Shared/Zebrafish_Homozygosity/Alignment_VariantCall/220930_A00692_316_AHVMJFDSX3/TL2211778-11-1-MAN-20220915/Vcf/TL2211778-11-1-MAN-2022091_Ref_merged.vcf.gz	/hogan_lab/Hogan_Lab_Shared/Zebrafish_Homozygosity/Alignment_VariantCall/220930_A00692_316_AHVMJFDSX3/TL2211778-11-1-MAN-20220915/Vcf/TL2211778-11-1-MAN-2022091_Ref_merged_ChromFixed.vcf.gz	/hogan_lab/Hogan_Lab_Shared/Zebrafish_Homozygosity/Alignment_VariantCall/220930_A00692_316_AHVMJFDSX3/TL2211778-11-1-MAN-20220915/Vcf/TL2211778-11-1-MAN-2022091_Ref_merged_ChromFixed.vcf.annotated.vcf.gz	/hogan_lab/Hogan_Lab_Shared/Zebrafish_Homozygosity/Alignment_VariantCall/220930_A00692_316_AHVMJFDSX3/TL2211778-11-1-MAN-20220915/candidates.vcf	/hogan_lab/Hogan_Lab_Shared/Zebrafish_Homozygosity/Alignment_VariantCall/220930_A00692_316_AHVMJFDSX3/TL2211778-11-1-MAN-20220915/bedgraph/TL2211778-11-1-MAN-20220915.nogap_nbases	/hogan_lab/Hogan_Lab_Shared/Zebrafish_Homozygosity/Alignment_VariantCall/220930_A00692_316_AHVMJFDSX3/TL2211778-11-1-MAN-20220915/bedgraph/TL2211778-11-1-MAN-20220915.nogap_nsnps	/hogan_lab/Hogan_Lab_Shared/Zebrafish_Homozygosity/Alignment_VariantCall/220930_A00692_316_AHVMJFDSX3/TL2211778-11-1-MAN-20220915/bedgraph/TL2211778-11-1-MAN-20220915.withgap_nbases	/hogan_lab/Hogan_Lab_Shared/Zebrafish_Homozygosity/Alignment_VariantCall/220930_A00692_316_AHVMJFDSX3/TL2211778-11-1-MAN-20220915/bedgraph/TL2211778-11-1-MAN-20220915.withgap_nsnps	/hogan_lab/Hogan_Lab_Shared/Zebrafish_Homozygosity/Alignment_VariantCall/220930_A00692_316_AHVMJFDSX3/TL2211778-11-1-MAN-20220915/TL2211778-11-1-MAN-20220915_candidates.json	TL2211778-11-1
TL2211779-12-2-MAN-20220915	/hogan_lab/Hogan_Lab_Shared/Zebrafish_Homozygosity/Alignment_VariantCall/220930_A00692_316_AHVMJFDSX3/TL2211779-12-2-MAN-20220915/Bam/TL2211779-12-2-MAN-2022091_merged.markdups.bam	/hogan_lab/Hogan_Lab_Shared/Zebrafish_Homozygosity/Alignment_VariantCall/220930_A00692_316_AHVMJFDSX3/TL2211779-12-2-MAN-20220915/Vcf/TL2211779-12-2-MAN-2022091_gcv_UG.vcf.gz	/hogan_lab/Hogan_Lab_Shared/Zebrafish_Homozygosity/Alignment_VariantCall/220930_A00692_316_AHVMJFDSX3/TL2211779-12-2-MAN-20220915/Vcf/TL2211779-12-2-MAN-2022091_Ref_merged.vcf.gz	/hogan_lab/Hogan_Lab_Shared/Zebrafish_Homozygosity/Alignment_VariantCall/220930_A00692_316_AHVMJFDSX3/TL2211779-12-2-MAN-20220915/Vcf/TL2211779-12-2-MAN-2022091_Ref_merged_ChromFixed.vcf.gz	/hogan_lab/Hogan_Lab_Shared/Zebrafish_Homozygosity/Alignment_VariantCall/220930_A00692_316_AHVMJFDSX3/TL2211779-12-2-MAN-20220915/Vcf/TL2211779-12-2-MAN-2022091_Ref_merged_ChromFixed.vcf.annotated.vcf.gz	/hogan_lab/Hogan_Lab_Shared/Zebrafish_Homozygosity/Alignment_VariantCall/220930_A00692_316_AHVMJFDSX3/TL2211779-12-2-MAN-20220915/candidates.vcf	/hogan_lab/Hogan_Lab_Shared/Zebrafish_Homozygosity/Alignment_VariantCall/220930_A00692_316_AHVMJFDSX3/TL2211779-12-2-MAN-20220915/bedgraph/TL2211779-12-2-MAN-20220915.nogap_nbases	/hogan_lab/Hogan_Lab_Shared/Zebrafish_Homozygosity/Alignment_VariantCall/220930_A00692_316_AHVMJFDSX3/TL2211779-12-2-MAN-20220915/bedgraph/TL2211779-12-2-MAN-20220915.nogap_nsnps	/hogan_lab/Hogan_Lab_Shared/Zebrafish_Homozygosity/Alignment_VariantCall/220930_A00692_316_AHVMJFDSX3/TL2211779-12-2-MAN-20220915/bedgraph/TL2211779-12-2-MAN-20220915.withgap_nbases	/hogan_lab/Hogan_Lab_Shared/Zebrafish_Homozygosity/Alignment_VariantCall/220930_A00692_316_AHVMJFDSX3/TL2211779-12-2-MAN-20220915/bedgraph/TL2211779-12-2-MAN-20220915.withgap_nsnps	/hogan_lab/Hogan_Lab_Shared/Zebrafish_Homozygosity/Alignment_VariantCall/220930_A00692_316_AHVMJFDSX3/TL2211779-12-2-MAN-20220915/TL2211779-12-2-MAN-20220915_candidates.json	TL2211779-12-2
TL2211780-15-1-MAN-20220915	/hogan_lab/Hogan_Lab_Shared/Zebrafish_Homozygosity/Alignment_VariantCall/220930_A00692_316_AHVMJFDSX3/TL2211780-15-1-MAN-20220915/Bam/TL2211780-15-1-MAN-2022091_merged.markdups.bam	/hogan_lab/Hogan_Lab_Shared/Zebrafish_Homozygosity/Alignment_VariantCall/220930_A00692_316_AHVMJFDSX3/TL2211780-15-1-MAN-20220915/Vcf/TL2211780-15-1-MAN-2022091_gcv_UG.vcf.gz	/hogan_lab/Hogan_Lab_Shared/Zebrafish_Homozygosity/Alignment_VariantCall/220930_A00692_316_AHVMJFDSX3/TL2211780-15-1-MAN-20220915/Vcf/TL2211780-15-1-MAN-2022091_Ref_merged.vcf.gz	/hogan_lab/Hogan_Lab_Shared/Zebrafish_Homozygosity/Alignment_VariantCall/220930_A00692_316_AHVMJFDSX3/TL2211780-15-1-MAN-20220915/Vcf/TL2211780-15-1-MAN-2022091_Ref_merged_ChromFixed.vcf.gz	/hogan_lab/Hogan_Lab_Shared/Zebrafish_Homozygosity/Alignment_VariantCall/220930_A00692_316_AHVMJFDSX3/TL2211780-15-1-MAN-20220915/Vcf/TL2211780-15-1-MAN-2022091_Ref_merged_ChromFixed.vcf.annotated.vcf.gz	/hogan_lab/Hogan_Lab_Shared/Zebrafish_Homozygosity/Alignment_VariantCall/220930_A00692_316_AHVMJFDSX3/TL2211780-15-1-MAN-20220915/candidates.vcf	/hogan_lab/Hogan_Lab_Shared/Zebrafish_Homozygosity/Alignment_VariantCall/220930_A00692_316_AHVMJFDSX3/TL2211780-15-1-MAN-20220915/bedgraph/TL2211780-15-1-MAN-20220915.nogap_nbases	/hogan_lab/Hogan_Lab_Shared/Zebrafish_Homozygosity/Alignment_VariantCall/220930_A00692_316_AHVMJFDSX3/TL2211780-15-1-MAN-20220915/bedgraph/TL2211780-15-1-MAN-20220915.nogap_nsnps	/hogan_lab/Hogan_Lab_Shared/Zebrafish_Homozygosity/Alignment_VariantCall/220930_A00692_316_AHVMJFDSX3/TL2211780-15-1-MAN-20220915/bedgraph/TL2211780-15-1-MAN-20220915.withgap_nbases	/hogan_lab/Hogan_Lab_Shared/Zebrafish_Homozygosity/Alignment_VariantCall/220930_A00692_316_AHVMJFDSX3/TL2211780-15-1-MAN-20220915/bedgraph/TL2211780-15-1-MAN-20220915.withgap_nsnps	/hogan_lab/Hogan_Lab_Shared/Zebrafish_Homozygosity/Alignment_VariantCall/220930_A00692_316_AHVMJFDSX3/TL2211780-15-1-MAN-20220915/TL2211780-15-1-MAN-20220915_candidates.json	TL2211780-15-1
TL2211781-15-3-MAN-20220915	/hogan_lab/Hogan_Lab_Shared/Zebrafish_Homozygosity/Alignment_VariantCall/220930_A00692_316_AHVMJFDSX3/TL2211781-15-3-MAN-20220915/Bam/TL2211781-15-3-MAN-2022091_merged.markdups.bam	/hogan_lab/Hogan_Lab_Shared/Zebrafish_Homozygosity/Alignment_VariantCall/220930_A00692_316_AHVMJFDSX3/TL2211781-15-3-MAN-20220915/Vcf/TL2211781-15-3-MAN-2022091_gcv_UG.vcf.gz	/hogan_lab/Hogan_Lab_Shared/Zebrafish_Homozygosity/Alignment_VariantCall/220930_A00692_316_AHVMJFDSX3/TL2211781-15-3-MAN-20220915/Vcf/TL2211781-15-3-MAN-2022091_Ref_merged.vcf.gz	/hogan_lab/Hogan_Lab_Shared/Zebrafish_Homozygosity/Alignment_VariantCall/220930_A00692_316_AHVMJFDSX3/TL2211781-15-3-MAN-20220915/Vcf/TL2211781-15-3-MAN-2022091_Ref_merged_ChromFixed.vcf.gz	/hogan_lab/Hogan_Lab_Shared/Zebrafish_Homozygosity/Alignment_VariantCall/220930_A00692_316_AHVMJFDSX3/TL2211781-15-3-MAN-20220915/Vcf/TL2211781-15-3-MAN-2022091_Ref_merged_ChromFixed.vcf.annotated.vcf.gz	/hogan_lab/Hogan_Lab_Shared/Zebrafish_Homozygosity/Alignment_VariantCall/220930_A00692_316_AHVMJFDSX3/TL2211781-15-3-MAN-20220915/candidates.vcf	/hogan_lab/Hogan_Lab_Shared/Zebrafish_Homozygosity/Alignment_VariantCall/220930_A00692_316_AHVMJFDSX3/TL2211781-15-3-MAN-20220915/bedgraph/TL2211781-15-3-MAN-20220915.nogap_nbases	/hogan_lab/Hogan_Lab_Shared/Zebrafish_Homozygosity/Alignment_VariantCall/220930_A00692_316_AHVMJFDSX3/TL2211781-15-3-MAN-20220915/bedgraph/TL2211781-15-3-MAN-20220915.nogap_nsnps	/hogan_lab/Hogan_Lab_Shared/Zebrafish_Homozygosity/Alignment_VariantCall/220930_A00692_316_AHVMJFDSX3/TL2211781-15-3-MAN-20220915/bedgraph/TL2211781-15-3-MAN-20220915.withgap_nbases	/hogan_lab/Hogan_Lab_Shared/Zebrafish_Homozygosity/Alignment_VariantCall/220930_A00692_316_AHVMJFDSX3/TL2211781-15-3-MAN-20220915/bedgraph/TL2211781-15-3-MAN-20220915.withgap_nsnps	/hogan_lab/Hogan_Lab_Shared/Zebrafish_Homozygosity/Alignment_VariantCall/220930_A00692_316_AHVMJFDSX3/TL2211781-15-3-MAN-20220915/TL2211781-15-3-MAN-20220915_candidates.json	TL2211781-15-3
TL2211785-19-1-MAN-20220915	/hogan_lab/Hogan_Lab_Shared/Zebrafish_Homozygosity/Alignment_VariantCall/220930_A00692_316_AHVMJFDSX3/TL2211785-19-1-MAN-20220915/Bam/TL2211785-19-1-MAN-2022091_merged.markdups.bam	/hogan_lab/Hogan_Lab_Shared/Zebrafish_Homozygosity/Alignment_VariantCall/220930_A00692_316_AHVMJFDSX3/TL2211785-19-1-MAN-20220915/Vcf/TL2211785-19-1-MAN-2022091_gcv_UG.vcf.gz	/hogan_lab/Hogan_Lab_Shared/Zebrafish_Homozygosity/Alignment_VariantCall/220930_A00692_316_AHVMJFDSX3/TL2211785-19-1-MAN-20220915/Vcf/TL2211785-19-1-MAN-2022091_Ref_merged.vcf.gz	/hogan_lab/Hogan_Lab_Shared/Zebrafish_Homozygosity/Alignment_VariantCall/220930_A00692_316_AHVMJFDSX3/TL2211785-19-1-MAN-20220915/Vcf/TL2211785-19-1-MAN-2022091_Ref_merged_ChromFixed.vcf.gz	/hogan_lab/Hogan_Lab_Shared/Zebrafish_Homozygosity/Alignment_VariantCall/220930_A00692_316_AHVMJFDSX3/TL2211785-19-1-MAN-20220915/Vcf/TL2211785-19-1-MAN-2022091_Ref_merged_ChromFixed.vcf.annotated.vcf.gz	/hogan_lab/Hogan_Lab_Shared/Zebrafish_Homozygosity/Alignment_VariantCall/220930_A00692_316_AHVMJFDSX3/TL2211785-19-1-MAN-20220915/candidates.vcf	/hogan_lab/Hogan_Lab_Shared/Zebrafish_Homozygosity/Alignment_VariantCall/220930_A00692_316_AHVMJFDSX3/TL2211785-19-1-MAN-20220915/bedgraph/TL2211785-19-1-MAN-20220915.nogap_nbases	/hogan_lab/Hogan_Lab_Shared/Zebrafish_Homozygosity/Alignment_VariantCall/220930_A00692_316_AHVMJFDSX3/TL2211785-19-1-MAN-20220915/bedgraph/TL2211785-19-1-MAN-20220915.nogap_nsnps	/hogan_lab/Hogan_Lab_Shared/Zebrafish_Homozygosity/Alignment_VariantCall/220930_A00692_316_AHVMJFDSX3/TL2211785-19-1-MAN-20220915/bedgraph/TL2211785-19-1-MAN-20220915.withgap_nbases	/hogan_lab/Hogan_Lab_Shared/Zebrafish_Homozygosity/Alignment_VariantCall/220930_A00692_316_AHVMJFDSX3/TL2211785-19-1-MAN-20220915/bedgraph/TL2211785-19-1-MAN-20220915.withgap_nsnps	/hogan_lab/Hogan_Lab_Shared/Zebrafish_Homozygosity/Alignment_VariantCall/220930_A00692_316_AHVMJFDSX3/TL2211785-19-1-MAN-20220915/TL2211785-19-1-MAN-20220915_candidates.json	TL2211785-19-1
TL2211786-19-4-MAN-20220915	/hogan_lab/Hogan_Lab_Shared/Zebrafish_Homozygosity/Alignment_VariantCall/220930_A00692_316_AHVMJFDSX3/TL2211786-19-4-MAN-20220915/Bam/TL2211786-19-4-MAN-2022091_merged.markdups.bam	/hogan_lab/Hogan_Lab_Shared/Zebrafish_Homozygosity/Alignment_VariantCall/220930_A00692_316_AHVMJFDSX3/TL2211786-19-4-MAN-20220915/Vcf/TL2211786-19-4-MAN-2022091_gcv_UG.vcf.gz	/hogan_lab/Hogan_Lab_Shared/Zebrafish_Homozygosity/Alignment_VariantCall/220930_A00692_316_AHVMJFDSX3/TL2211786-19-4-MAN-20220915/Vcf/TL2211786-19-4-MAN-2022091_Ref_merged.vcf.gz	/hogan_lab/Hogan_Lab_Shared/Zebrafish_Homozygosity/Alignment_VariantCall/220930_A00692_316_AHVMJFDSX3/TL2211786-19-4-MAN-20220915/Vcf/TL2211786-19-4-MAN-2022091_Ref_merged_ChromFixed.vcf.gz	/hogan_lab/Hogan_Lab_Shared/Zebrafish_Homozygosity/Alignment_VariantCall/220930_A00692_316_AHVMJFDSX3/TL2211786-19-4-MAN-20220915/Vcf/TL2211786-19-4-MAN-2022091_Ref_merged_ChromFixed.vcf.annotated.vcf.gz	/hogan_lab/Hogan_Lab_Shared/Zebrafish_Homozygosity/Alignment_VariantCall/220930_A00692_316_AHVMJFDSX3/TL2211786-19-4-MAN-20220915/candidates.vcf	/hogan_lab/Hogan_Lab_Shared/Zebrafish_Homozygosity/Alignment_VariantCall/220930_A00692_316_AHVMJFDSX3/TL2211786-19-4-MAN-20220915/bedgraph/TL2211786-19-4-MAN-20220915.nogap_nbases	/hogan_lab/Hogan_Lab_Shared/Zebrafish_Homozygosity/Alignment_VariantCall/220930_A00692_316_AHVMJFDSX3/TL2211786-19-4-MAN-20220915/bedgraph/TL2211786-19-4-MAN-20220915.nogap_nsnps	/hogan_lab/Hogan_Lab_Shared/Zebrafish_Homozygosity/Alignment_VariantCall/220930_A00692_316_AHVMJFDSX3/TL2211786-19-4-MAN-20220915/bedgraph/TL2211786-19-4-MAN-20220915.withgap_nbases	/hogan_lab/Hogan_Lab_Shared/Zebrafish_Homozygosity/Alignment_VariantCall/220930_A00692_316_AHVMJFDSX3/TL2211786-19-4-MAN-20220915/bedgraph/TL2211786-19-4-MAN-20220915.withgap_nsnps	/hogan_lab/Hogan_Lab_Shared/Zebrafish_Homozygosity/Alignment_VariantCall/220930_A00692_316_AHVMJFDSX3/TL2211786-19-4-MAN-20220915/TL2211786-19-4-MAN-20220915_candidates.json	TL2211786-19-4
TL2211787-20-2-MAN-20220915	/hogan_lab/Hogan_Lab_Shared/Zebrafish_Homozygosity/Alignment_VariantCall/220930_A00692_316_AHVMJFDSX3/TL2211787-20-2-MAN-20220915/Bam/TL2211787-20-2-MAN-2022091_merged.markdups.bam	/hogan_lab/Hogan_Lab_Shared/Zebrafish_Homozygosity/Alignment_VariantCall/220930_A00692_316_AHVMJFDSX3/TL2211787-20-2-MAN-20220915/Vcf/TL2211787-20-2-MAN-2022091_gcv_UG.vcf.gz	/hogan_lab/Hogan_Lab_Shared/Zebrafish_Homozygosity/Alignment_VariantCall/220930_A00692_316_AHVMJFDSX3/TL2211787-20-2-MAN-20220915/Vcf/TL2211787-20-2-MAN-2022091_Ref_merged.vcf.gz	/hogan_lab/Hogan_Lab_Shared/Zebrafish_Homozygosity/Alignment_VariantCall/220930_A00692_316_AHVMJFDSX3/TL2211787-20-2-MAN-20220915/Vcf/TL2211787-20-2-MAN-2022091_Ref_merged_ChromFixed.vcf.gz	/hogan_lab/Hogan_Lab_Shared/Zebrafish_Homozygosity/Alignment_VariantCall/220930_A00692_316_AHVMJFDSX3/TL2211787-20-2-MAN-20220915/Vcf/TL2211787-20-2-MAN-2022091_Ref_merged_ChromFixed.vcf.annotated.vcf.gz	/hogan_lab/Hogan_Lab_Shared/Zebrafish_Homozygosity/Alignment_VariantCall/220930_A00692_316_AHVMJFDSX3/TL2211787-20-2-MAN-20220915/candidates.vcf	/hogan_lab/Hogan_Lab_Shared/Zebrafish_Homozygosity/Alignment_VariantCall/220930_A00692_316_AHVMJFDSX3/TL2211787-20-2-MAN-20220915/bedgraph/TL2211787-20-2-MAN-20220915.nogap_nbases	/hogan_lab/Hogan_Lab_Shared/Zebrafish_Homozygosity/Alignment_VariantCall/220930_A00692_316_AHVMJFDSX3/TL2211787-20-2-MAN-20220915/bedgraph/TL2211787-20-2-MAN-20220915.nogap_nsnps	/hogan_lab/Hogan_Lab_Shared/Zebrafish_Homozygosity/Alignment_VariantCall/220930_A00692_316_AHVMJFDSX3/TL2211787-20-2-MAN-20220915/bedgraph/TL2211787-20-2-MAN-20220915.withgap_nbases	/hogan_lab/Hogan_Lab_Shared/Zebrafish_Homozygosity/Alignment_VariantCall/220930_A00692_316_AHVMJFDSX3/TL2211787-20-2-MAN-20220915/bedgraph/TL2211787-20-2-MAN-20220915.withgap_nsnps	/hogan_lab/Hogan_Lab_Shared/Zebrafish_Homozygosity/Alignment_VariantCall/220930_A00692_316_AHVMJFDSX3/TL2211787-20-2-MAN-20220915/TL2211787-20-2-MAN-20220915_candidates.json	TL2211787-20-2
TL2211790-24-A-MAN-20220915	/hogan_lab/Hogan_Lab_Shared/Zebrafish_Homozygosity/Alignment_VariantCall/220930_A00692_316_AHVMJFDSX3/TL2211790-24-A-MAN-20220915/Bam/TL2211790-24-A-MAN-2022091_merged.markdups.bam	/hogan_lab/Hogan_Lab_Shared/Zebrafish_Homozygosity/Alignment_VariantCall/220930_A00692_316_AHVMJFDSX3/TL2211790-24-A-MAN-20220915/Vcf/TL2211790-24-A-MAN-2022091_gcv_UG.vcf.gz	/hogan_lab/Hogan_Lab_Shared/Zebrafish_Homozygosity/Alignment_VariantCall/220930_A00692_316_AHVMJFDSX3/TL2211790-24-A-MAN-20220915/Vcf/TL2211790-24-A-MAN-2022091_Ref_merged.vcf.gz	/hogan_lab/Hogan_Lab_Shared/Zebrafish_Homozygosity/Alignment_VariantCall/220930_A00692_316_AHVMJFDSX3/TL2211790-24-A-MAN-20220915/Vcf/TL2211790-24-A-MAN-2022091_Ref_merged_ChromFixed.vcf.gz	/hogan_lab/Hogan_Lab_Shared/Zebrafish_Homozygosity/Alignment_VariantCall/220930_A00692_316_AHVMJFDSX3/TL2211790-24-A-MAN-20220915/Vcf/TL2211790-24-A-MAN-2022091_Ref_merged_ChromFixed.vcf.annotated.vcf.gz	/hogan_lab/Hogan_Lab_Shared/Zebrafish_Homozygosity/Alignment_VariantCall/220930_A00692_316_AHVMJFDSX3/TL2211790-24-A-MAN-20220915/candidates.vcf	/hogan_lab/Hogan_Lab_Shared/Zebrafish_Homozygosity/Alignment_VariantCall/220930_A00692_316_AHVMJFDSX3/TL2211790-24-A-MAN-20220915/bedgraph/TL2211790-24-A-MAN-20220915.nogap_nbases	/hogan_lab/Hogan_Lab_Shared/Zebrafish_Homozygosity/Alignment_VariantCall/220930_A00692_316_AHVMJFDSX3/TL2211790-24-A-MAN-20220915/bedgraph/TL2211790-24-A-MAN-20220915.nogap_nsnps	/hogan_lab/Hogan_Lab_Shared/Zebrafish_Homozygosity/Alignment_VariantCall/220930_A00692_316_AHVMJFDSX3/TL2211790-24-A-MAN-20220915/bedgraph/TL2211790-24-A-MAN-20220915.withgap_nbases	/hogan_lab/Hogan_Lab_Shared/Zebrafish_Homozygosity/Alignment_VariantCall/220930_A00692_316_AHVMJFDSX3/TL2211790-24-A-MAN-20220915/bedgraph/TL2211790-24-A-MAN-20220915.withgap_nsnps	/hogan_lab/Hogan_Lab_Shared/Zebrafish_Homozygosity/Alignment_VariantCall/220930_A00692_316_AHVMJFDSX3/TL2211790-24-A-MAN-20220915/TL2211790-24-A-MAN-20220915_candidates.json	TL2211790-24-A
TL2211791-24-6-MAN-20220915	/hogan_lab/Hogan_Lab_Shared/Zebrafish_Homozygosity/Alignment_VariantCall/220930_A00692_316_AHVMJFDSX3/TL2211791-24-6-MAN-20220915/Bam/TL2211791-24-6-MAN-2022091_merged.markdups.bam	/hogan_lab/Hogan_Lab_Shared/Zebrafish_Homozygosity/Alignment_VariantCall/220930_A00692_316_AHVMJFDSX3/TL2211791-24-6-MAN-20220915/Vcf/TL2211791-24-6-MAN-2022091_gcv_UG.vcf.gz	/hogan_lab/Hogan_Lab_Shared/Zebrafish_Homozygosity/Alignment_VariantCall/220930_A00692_316_AHVMJFDSX3/TL2211791-24-6-MAN-20220915/Vcf/TL2211791-24-6-MAN-2022091_Ref_merged.vcf.gz	/hogan_lab/Hogan_Lab_Shared/Zebrafish_Homozygosity/Alignment_VariantCall/220930_A00692_316_AHVMJFDSX3/TL2211791-24-6-MAN-20220915/Vcf/TL2211791-24-6-MAN-2022091_Ref_merged_ChromFixed.vcf.gz	/hogan_lab/Hogan_Lab_Shared/Zebrafish_Homozygosity/Alignment_VariantCall/220930_A00692_316_AHVMJFDSX3/TL2211791-24-6-MAN-20220915/Vcf/TL2211791-24-6-MAN-2022091_Ref_merged_ChromFixed.vcf.annotated.vcf.gz	/hogan_lab/Hogan_Lab_Shared/Zebrafish_Homozygosity/Alignment_VariantCall/220930_A00692_316_AHVMJFDSX3/TL2211791-24-6-MAN-20220915/candidates.vcf	/hogan_lab/Hogan_Lab_Shared/Zebrafish_Homozygosity/Alignment_VariantCall/220930_A00692_316_AHVMJFDSX3/TL2211791-24-6-MAN-20220915/bedgraph/TL2211791-24-6-MAN-20220915.nogap_nbases	/hogan_lab/Hogan_Lab_Shared/Zebrafish_Homozygosity/Alignment_VariantCall/220930_A00692_316_AHVMJFDSX3/TL2211791-24-6-MAN-20220915/bedgraph/TL2211791-24-6-MAN-20220915.nogap_nsnps	/hogan_lab/Hogan_Lab_Shared/Zebrafish_Homozygosity/Alignment_VariantCall/220930_A00692_316_AHVMJFDSX3/TL2211791-24-6-MAN-20220915/bedgraph/TL2211791-24-6-MAN-20220915.withgap_nbases	/hogan_lab/Hogan_Lab_Shared/Zebrafish_Homozygosity/Alignment_VariantCall/220930_A00692_316_AHVMJFDSX3/TL2211791-24-6-MAN-20220915/bedgraph/TL2211791-24-6-MAN-20220915.withgap_nsnps	/hogan_lab/Hogan_Lab_Shared/Zebrafish_Homozygosity/Alignment_VariantCall/220930_A00692_316_AHVMJFDSX3/TL2211791-24-6-MAN-20220915/TL2211791-24-6-MAN-20220915_candidates.json	TL2211791-24-6
TL2211793-42-1-MAN-20220915	/hogan_lab/Hogan_Lab_Shared/Zebrafish_Homozygosity/Alignment_VariantCall/220930_A00692_316_AHVMJFDSX3/TL2211793-42-1-MAN-20220915/Bam/TL2211793-42-1-MAN-2022091_merged.markdups.bam	/hogan_lab/Hogan_Lab_Shared/Zebrafish_Homozygosity/Alignment_VariantCall/220930_A00692_316_AHVMJFDSX3/TL2211793-42-1-MAN-20220915/Vcf/TL2211793-42-1-MAN-2022091_gcv_UG.vcf.gz	/hogan_lab/Hogan_Lab_Shared/Zebrafish_Homozygosity/Alignment_VariantCall/220930_A00692_316_AHVMJFDSX3/TL2211793-42-1-MAN-20220915/Vcf/TL2211793-42-1-MAN-2022091_Ref_merged.vcf.gz	/hogan_lab/Hogan_Lab_Shared/Zebrafish_Homozygosity/Alignment_VariantCall/220930_A00692_316_AHVMJFDSX3/TL2211793-42-1-MAN-20220915/Vcf/TL2211793-42-1-MAN-2022091_Ref_merged_ChromFixed.vcf.gz	/hogan_lab/Hogan_Lab_Shared/Zebrafish_Homozygosity/Alignment_VariantCall/220930_A00692_316_AHVMJFDSX3/TL2211793-42-1-MAN-20220915/Vcf/TL2211793-42-1-MAN-2022091_Ref_merged_ChromFixed.vcf.annotated.vcf.gz	/hogan_lab/Hogan_Lab_Shared/Zebrafish_Homozygosity/Alignment_VariantCall/220930_A00692_316_AHVMJFDSX3/TL2211793-42-1-MAN-20220915/candidates.vcf	/hogan_lab/Hogan_Lab_Shared/Zebrafish_Homozygosity/Alignment_VariantCall/220930_A00692_316_AHVMJFDSX3/TL2211793-42-1-MAN-20220915/bedgraph/TL2211793-42-1-MAN-20220915.nogap_nbases	/hogan_lab/Hogan_Lab_Shared/Zebrafish_Homozygosity/Alignment_VariantCall/220930_A00692_316_AHVMJFDSX3/TL2211793-42-1-MAN-20220915/bedgraph/TL2211793-42-1-MAN-20220915.nogap_nsnps	/hogan_lab/Hogan_Lab_Shared/Zebrafish_Homozygosity/Alignment_VariantCall/220930_A00692_316_AHVMJFDSX3/TL2211793-42-1-MAN-20220915/bedgraph/TL2211793-42-1-MAN-20220915.withgap_nbases	/hogan_lab/Hogan_Lab_Shared/Zebrafish_Homozygosity/Alignment_VariantCall/220930_A00692_316_AHVMJFDSX3/TL2211793-42-1-MAN-20220915/bedgraph/TL2211793-42-1-MAN-20220915.withgap_nsnps	/hogan_lab/Hogan_Lab_Shared/Zebrafish_Homozygosity/Alignment_VariantCall/220930_A00692_316_AHVMJFDSX3/TL2211793-42-1-MAN-20220915/TL2211793-42-1-MAN-20220915_candidates.json	TL2211793-42-1
TL2211794-53-2-MAN-20220915	/hogan_lab/Hogan_Lab_Shared/Zebrafish_Homozygosity/Alignment_VariantCall/220930_A00692_316_AHVMJFDSX3/TL2211794-53-2-MAN-20220915/Bam/TL2211794-53-2-MAN-2022091_merged.markdups.bam	/hogan_lab/Hogan_Lab_Shared/Zebrafish_Homozygosity/Alignment_VariantCall/220930_A00692_316_AHVMJFDSX3/TL2211794-53-2-MAN-20220915/Vcf/TL2211794-53-2-MAN-2022091_gcv_UG.vcf.gz	/hogan_lab/Hogan_Lab_Shared/Zebrafish_Homozygosity/Alignment_VariantCall/220930_A00692_316_AHVMJFDSX3/TL2211794-53-2-MAN-20220915/Vcf/TL2211794-53-2-MAN-2022091_Ref_merged.vcf.gz	/hogan_lab/Hogan_Lab_Shared/Zebrafish_Homozygosity/Alignment_VariantCall/220930_A00692_316_AHVMJFDSX3/TL2211794-53-2-MAN-20220915/Vcf/TL2211794-53-2-MAN-2022091_Ref_merged_ChromFixed.vcf.gz	/hogan_lab/Hogan_Lab_Shared/Zebrafish_Homozygosity/Alignment_VariantCall/220930_A00692_316_AHVMJFDSX3/TL2211794-53-2-MAN-20220915/Vcf/TL2211794-53-2-MAN-2022091_Ref_merged_ChromFixed.vcf.annotated.vcf.gz	/hogan_lab/Hogan_Lab_Shared/Zebrafish_Homozygosity/Alignment_VariantCall/220930_A00692_316_AHVMJFDSX3/TL2211794-53-2-MAN-20220915/candidates.vcf	/hogan_lab/Hogan_Lab_Shared/Zebrafish_Homozygosity/Alignment_VariantCall/220930_A00692_316_AHVMJFDSX3/TL2211794-53-2-MAN-20220915/bedgraph/TL2211794-53-2-MAN-20220915.nogap_nbases	/hogan_lab/Hogan_Lab_Shared/Zebrafish_Homozygosity/Alignment_VariantCall/220930_A00692_316_AHVMJFDSX3/TL2211794-53-2-MAN-20220915/bedgraph/TL2211794-53-2-MAN-20220915.nogap_nsnps	/hogan_lab/Hogan_Lab_Shared/Zebrafish_Homozygosity/Alignment_VariantCall/220930_A00692_316_AHVMJFDSX3/TL2211794-53-2-MAN-20220915/bedgraph/TL2211794-53-2-MAN-20220915.withgap_nbases	/hogan_lab/Hogan_Lab_Shared/Zebrafish_Homozygosity/Alignment_VariantCall/220930_A00692_316_AHVMJFDSX3/TL2211794-53-2-MAN-20220915/bedgraph/TL2211794-53-2-MAN-20220915.withgap_nsnps	/hogan_lab/Hogan_Lab_Shared/Zebrafish_Homozygosity/Alignment_VariantCall/220930_A00692_316_AHVMJFDSX3/TL2211794-53-2-MAN-20220915/TL2211794-53-2-MAN-20220915_candidates.json	TL2211794-53-2
TL2211795-74-3-MAN-20220915	/hogan_lab/Hogan_Lab_Shared/Zebrafish_Homozygosity/Alignment_VariantCall/220930_A00692_316_AHVMJFDSX3/TL2211795-74-3-MAN-20220915/Bam/TL2211795-74-3-MAN-2022091_merged.markdups.bam	/hogan_lab/Hogan_Lab_Shared/Zebrafish_Homozygosity/Alignment_VariantCall/220930_A00692_316_AHVMJFDSX3/TL2211795-74-3-MAN-20220915/Vcf/TL2211795-74-3-MAN-2022091_gcv_UG.vcf.gz	/hogan_lab/Hogan_Lab_Shared/Zebrafish_Homozygosity/Alignment_VariantCall/220930_A00692_316_AHVMJFDSX3/TL2211795-74-3-MAN-20220915/Vcf/TL2211795-74-3-MAN-2022091_Ref_merged.vcf.gz	/hogan_lab/Hogan_Lab_Shared/Zebrafish_Homozygosity/Alignment_VariantCall/220930_A00692_316_AHVMJFDSX3/TL2211795-74-3-MAN-20220915/Vcf/TL2211795-74-3-MAN-2022091_Ref_merged_ChromFixed.vcf.gz	/hogan_lab/Hogan_Lab_Shared/Zebrafish_Homozygosity/Alignment_VariantCall/220930_A00692_316_AHVMJFDSX3/TL2211795-74-3-MAN-20220915/Vcf/TL2211795-74-3-MAN-2022091_Ref_merged_ChromFixed.vcf.annotated.vcf.gz	/hogan_lab/Hogan_Lab_Shared/Zebrafish_Homozygosity/Alignment_VariantCall/220930_A00692_316_AHVMJFDSX3/TL2211795-74-3-MAN-20220915/candidates.vcf	/hogan_lab/Hogan_Lab_Shared/Zebrafish_Homozygosity/Alignment_VariantCall/220930_A00692_316_AHVMJFDSX3/TL2211795-74-3-MAN-20220915/bedgraph/TL2211795-74-3-MAN-20220915.nogap_nbases	/hogan_lab/Hogan_Lab_Shared/Zebrafish_Homozygosity/Alignment_VariantCall/220930_A00692_316_AHVMJFDSX3/TL2211795-74-3-MAN-20220915/bedgraph/TL2211795-74-3-MAN-20220915.nogap_nsnps	/hogan_lab/Hogan_Lab_Shared/Zebrafish_Homozygosity/Alignment_VariantCall/220930_A00692_316_AHVMJFDSX3/TL2211795-74-3-MAN-20220915/bedgraph/TL2211795-74-3-MAN-20220915.withgap_nbases	/hogan_lab/Hogan_Lab_Shared/Zebrafish_Homozygosity/Alignment_VariantCall/220930_A00692_316_AHVMJFDSX3/TL2211795-74-3-MAN-20220915/bedgraph/TL2211795-74-3-MAN-20220915.withgap_nsnps	/hogan_lab/Hogan_Lab_Shared/Zebrafish_Homozygosity/Alignment_VariantCall/220930_A00692_316_AHVMJFDSX3/TL2211795-74-3-MAN-20220915/TL2211795-74-3-MAN-20220915_candidates.json	TL2211795-74-3
TL2211796-75-4-MAN-20220915	/hogan_lab/Hogan_Lab_Shared/Zebrafish_Homozygosity/Alignment_VariantCall/220930_A00692_316_AHVMJFDSX3/TL2211796-75-4-MAN-20220915/Bam/TL2211796-75-4-MAN-2022091_merged.markdups.bam	/hogan_lab/Hogan_Lab_Shared/Zebrafish_Homozygosity/Alignment_VariantCall/220930_A00692_316_AHVMJFDSX3/TL2211796-75-4-MAN-20220915/Vcf/TL2211796-75-4-MAN-2022091_gcv_UG.vcf.gz	/hogan_lab/Hogan_Lab_Shared/Zebrafish_Homozygosity/Alignment_VariantCall/220930_A00692_316_AHVMJFDSX3/TL2211796-75-4-MAN-20220915/Vcf/TL2211796-75-4-MAN-2022091_Ref_merged.vcf.gz	/hogan_lab/Hogan_Lab_Shared/Zebrafish_Homozygosity/Alignment_VariantCall/220930_A00692_316_AHVMJFDSX3/TL2211796-75-4-MAN-20220915/Vcf/TL2211796-75-4-MAN-2022091_Ref_merged_ChromFixed.vcf.gz	/hogan_lab/Hogan_Lab_Shared/Zebrafish_Homozygosity/Alignment_VariantCall/220930_A00692_316_AHVMJFDSX3/TL2211796-75-4-MAN-20220915/Vcf/TL2211796-75-4-MAN-2022091_Ref_merged_ChromFixed.vcf.annotated.vcf.gz	/hogan_lab/Hogan_Lab_Shared/Zebrafish_Homozygosity/Alignment_VariantCall/220930_A00692_316_AHVMJFDSX3/TL2211796-75-4-MAN-20220915/candidates.vcf	/hogan_lab/Hogan_Lab_Shared/Zebrafish_Homozygosity/Alignment_VariantCall/220930_A00692_316_AHVMJFDSX3/TL2211796-75-4-MAN-20220915/bedgraph/TL2211796-75-4-MAN-20220915.nogap_nbases	/hogan_lab/Hogan_Lab_Shared/Zebrafish_Homozygosity/Alignment_VariantCall/220930_A00692_316_AHVMJFDSX3/TL2211796-75-4-MAN-20220915/bedgraph/TL2211796-75-4-MAN-20220915.nogap_nsnps	/hogan_lab/Hogan_Lab_Shared/Zebrafish_Homozygosity/Alignment_VariantCall/220930_A00692_316_AHVMJFDSX3/TL2211796-75-4-MAN-20220915/bedgraph/TL2211796-75-4-MAN-20220915.withgap_nbases	/hogan_lab/Hogan_Lab_Shared/Zebrafish_Homozygosity/Alignment_VariantCall/220930_A00692_316_AHVMJFDSX3/TL2211796-75-4-MAN-20220915/bedgraph/TL2211796-75-4-MAN-20220915.withgap_nsnps	/hogan_lab/Hogan_Lab_Shared/Zebrafish_Homozygosity/Alignment_VariantCall/220930_A00692_316_AHVMJFDSX3/TL2211796-75-4-MAN-20220915/TL2211796-75-4-MAN-20220915_candidates.json	TL2211796-75-4
TL2211797-85-1-MAN-20220915	/hogan_lab/Hogan_Lab_Shared/Zebrafish_Homozygosity/Alignment_VariantCall/220930_A00692_316_AHVMJFDSX3/TL2211797-85-1-MAN-20220915/Bam/TL2211797-85-1-MAN-2022091_merged.markdups.bam	/hogan_lab/Hogan_Lab_Shared/Zebrafish_Homozygosity/Alignment_VariantCall/220930_A00692_316_AHVMJFDSX3/TL2211797-85-1-MAN-20220915/Vcf/TL2211797-85-1-MAN-2022091_gcv_UG.vcf.gz	/hogan_lab/Hogan_Lab_Shared/Zebrafish_Homozygosity/Alignment_VariantCall/220930_A00692_316_AHVMJFDSX3/TL2211797-85-1-MAN-20220915/Vcf/TL2211797-85-1-MAN-2022091_Ref_merged.vcf.gz	/hogan_lab/Hogan_Lab_Shared/Zebrafish_Homozygosity/Alignment_VariantCall/220930_A00692_316_AHVMJFDSX3/TL2211797-85-1-MAN-20220915/Vcf/TL2211797-85-1-MAN-2022091_Ref_merged_ChromFixed.vcf.gz	/hogan_lab/Hogan_Lab_Shared/Zebrafish_Homozygosity/Alignment_VariantCall/220930_A00692_316_AHVMJFDSX3/TL2211797-85-1-MAN-20220915/Vcf/TL2211797-85-1-MAN-2022091_Ref_merged_ChromFixed.vcf.annotated.vcf.gz	/hogan_lab/Hogan_Lab_Shared/Zebrafish_Homozygosity/Alignment_VariantCall/220930_A00692_316_AHVMJFDSX3/TL2211797-85-1-MAN-20220915/candidates.vcf	/hogan_lab/Hogan_Lab_Shared/Zebrafish_Homozygosity/Alignment_VariantCall/220930_A00692_316_AHVMJFDSX3/TL2211797-85-1-MAN-20220915/bedgraph/TL2211797-85-1-MAN-20220915.nogap_nbases	/hogan_lab/Hogan_Lab_Shared/Zebrafish_Homozygosity/Alignment_VariantCall/220930_A00692_316_AHVMJFDSX3/TL2211797-85-1-MAN-20220915/bedgraph/TL2211797-85-1-MAN-20220915.nogap_nsnps	/hogan_lab/Hogan_Lab_Shared/Zebrafish_Homozygosity/Alignment_VariantCall/220930_A00692_316_AHVMJFDSX3/TL2211797-85-1-MAN-20220915/bedgraph/TL2211797-85-1-MAN-20220915.withgap_nbases	/hogan_lab/Hogan_Lab_Shared/Zebrafish_Homozygosity/Alignment_VariantCall/220930_A00692_316_AHVMJFDSX3/TL2211797-85-1-MAN-20220915/bedgraph/TL2211797-85-1-MAN-20220915.withgap_nsnps	/hogan_lab/Hogan_Lab_Shared/Zebrafish_Homozygosity/Alignment_VariantCall/220930_A00692_316_AHVMJFDSX3/TL2211797-85-1-MAN-20220915/TL2211797-85-1-MAN-20220915_candidates.json	TL2211797-85-1
TL2211798-95-2-MAN-20220915	/hogan_lab/Hogan_Lab_Shared/Zebrafish_Homozygosity/Alignment_VariantCall/220930_A00692_316_AHVMJFDSX3/TL2211798-95-2-MAN-20220915/Bam/TL2211798-95-2-MAN-2022091_merged.markdups.bam	/hogan_lab/Hogan_Lab_Shared/Zebrafish_Homozygosity/Alignment_VariantCall/220930_A00692_316_AHVMJFDSX3/TL2211798-95-2-MAN-20220915/Vcf/TL2211798-95-2-MAN-2022091_gcv_UG.vcf.gz	/hogan_lab/Hogan_Lab_Shared/Zebrafish_Homozygosity/Alignment_VariantCall/220930_A00692_316_AHVMJFDSX3/TL2211798-95-2-MAN-20220915/Vcf/TL2211798-95-2-MAN-2022091_Ref_merged.vcf.gz	/hogan_lab/Hogan_Lab_Shared/Zebrafish_Homozygosity/Alignment_VariantCall/220930_A00692_316_AHVMJFDSX3/TL2211798-95-2-MAN-20220915/Vcf/TL2211798-95-2-MAN-2022091_Ref_merged_ChromFixed.vcf.gz	/hogan_lab/Hogan_Lab_Shared/Zebrafish_Homozygosity/Alignment_VariantCall/220930_A00692_316_AHVMJFDSX3/TL2211798-95-2-MAN-20220915/Vcf/TL2211798-95-2-MAN-2022091_Ref_merged_ChromFixed.vcf.annotated.vcf.gz	/hogan_lab/Hogan_Lab_Shared/Zebrafish_Homozygosity/Alignment_VariantCall/220930_A00692_316_AHVMJFDSX3/TL2211798-95-2-MAN-20220915/candidates.vcf	/hogan_lab/Hogan_Lab_Shared/Zebrafish_Homozygosity/Alignment_VariantCall/220930_A00692_316_AHVMJFDSX3/TL2211798-95-2-MAN-20220915/bedgraph/TL2211798-95-2-MAN-20220915.nogap_nbases	/hogan_lab/Hogan_Lab_Shared/Zebrafish_Homozygosity/Alignment_VariantCall/220930_A00692_316_AHVMJFDSX3/TL2211798-95-2-MAN-20220915/bedgraph/TL2211798-95-2-MAN-20220915.nogap_nsnps	/hogan_lab/Hogan_Lab_Shared/Zebrafish_Homozygosity/Alignment_VariantCall/220930_A00692_316_AHVMJFDSX3/TL2211798-95-2-MAN-20220915/bedgraph/TL2211798-95-2-MAN-20220915.withgap_nbases	/hogan_lab/Hogan_Lab_Shared/Zebrafish_Homozygosity/Alignment_VariantCall/220930_A00692_316_AHVMJFDSX3/TL2211798-95-2-MAN-20220915/bedgraph/TL2211798-95-2-MAN-20220915.withgap_nsnps	/hogan_lab/Hogan_Lab_Shared/Zebrafish_Homozygosity/Alignment_VariantCall/220930_A00692_316_AHVMJFDSX3/TL2211798-95-2-MAN-20220915/TL2211798-95-2-MAN-20220915_candidates.json	TL2211798-95-2
TL2211801-153-5-MAN-20220915	/hogan_lab/Hogan_Lab_Shared/Zebrafish_Homozygosity/Alignment_VariantCall/220930_A00692_316_AHVMJFDSX3/TL2211801-153-5-MAN-20220915/Bam/TL2211801-153-5-MAN-202209_merged.markdups.bam	/hogan_lab/Hogan_Lab_Shared/Zebrafish_Homozygosity/Alignment_VariantCall/220930_A00692_316_AHVMJFDSX3/TL2211801-153-5-MAN-20220915/Vcf/TL2211801-153-5-MAN-202209_gcv_UG.vcf.gz	/hogan_lab/Hogan_Lab_Shared/Zebrafish_Homozygosity/Alignment_VariantCall/220930_A00692_316_AHVMJFDSX3/TL2211801-153-5-MAN-20220915/Vcf/TL2211801-153-5-MAN-202209_Ref_merged.vcf.gz	/hogan_lab/Hogan_Lab_Shared/Zebrafish_Homozygosity/Alignment_VariantCall/220930_A00692_316_AHVMJFDSX3/TL2211801-153-5-MAN-20220915/Vcf/TL2211801-153-5-MAN-202209_Ref_merged_ChromFixed.vcf.gz	/hogan_lab/Hogan_Lab_Shared/Zebrafish_Homozygosity/Alignment_VariantCall/220930_A00692_316_AHVMJFDSX3/TL2211801-153-5-MAN-20220915/Vcf/TL2211801-153-5-MAN-202209_Ref_merged_ChromFixed.vcf.annotated.vcf.gz	/hogan_lab/Hogan_Lab_Shared/Zebrafish_Homozygosity/Alignment_VariantCall/220930_A00692_316_AHVMJFDSX3/TL2211801-153-5-MAN-20220915/candidates.vcf	/hogan_lab/Hogan_Lab_Shared/Zebrafish_Homozygosity/Alignment_VariantCall/220930_A00692_316_AHVMJFDSX3/TL2211801-153-5-MAN-20220915/bedgraph/TL2211801-153-5-MAN-20220915.nogap_nbases	/hogan_lab/Hogan_Lab_Shared/Zebrafish_Homozygosity/Alignment_VariantCall/220930_A00692_316_AHVMJFDSX3/TL2211801-153-5-MAN-20220915/bedgraph/TL2211801-153-5-MAN-20220915.nogap_nsnps	/hogan_lab/Hogan_Lab_Shared/Zebrafish_Homozygosity/Alignment_VariantCall/220930_A00692_316_AHVMJFDSX3/TL2211801-153-5-MAN-20220915/bedgraph/TL2211801-153-5-MAN-20220915.withgap_nbases	/hogan_lab/Hogan_Lab_Shared/Zebrafish_Homozygosity/Alignment_VariantCall/220930_A00692_316_AHVMJFDSX3/TL2211801-153-5-MAN-20220915/bedgraph/TL2211801-153-5-MAN-20220915.withgap_nsnps	/hogan_lab/Hogan_Lab_Shared/Zebrafish_Homozygosity/Alignment_VariantCall/220930_A00692_316_AHVMJFDSX3/TL2211801-153-5-MAN-20220915/TL2211801-153-5-MAN-20220915_candidates.json	TL2211801-153-5
TL2211802-175-1-MAN-20220915	/hogan_lab/Hogan_Lab_Shared/Zebrafish_Homozygosity/Alignment_VariantCall/220930_A00692_316_AHVMJFDSX3/TL2211802-175-1-MAN-20220915/Bam/TL2211802-175-1-MAN-202209_merged.markdups.bam	/hogan_lab/Hogan_Lab_Shared/Zebrafish_Homozygosity/Alignment_VariantCall/220930_A00692_316_AHVMJFDSX3/TL2211802-175-1-MAN-20220915/Vcf/TL2211802-175-1-MAN-202209_gcv_UG.vcf.gz	/hogan_lab/Hogan_Lab_Shared/Zebrafish_Homozygosity/Alignment_VariantCall/220930_A00692_316_AHVMJFDSX3/TL2211802-175-1-MAN-20220915/Vcf/TL2211802-175-1-MAN-202209_Ref_merged.vcf.gz	/hogan_lab/Hogan_Lab_Shared/Zebrafish_Homozygosity/Alignment_VariantCall/220930_A00692_316_AHVMJFDSX3/TL2211802-175-1-MAN-20220915/Vcf/TL2211802-175-1-MAN-202209_Ref_merged_ChromFixed.vcf.gz	/hogan_lab/Hogan_Lab_Shared/Zebrafish_Homozygosity/Alignment_VariantCall/220930_A00692_316_AHVMJFDSX3/TL2211802-175-1-MAN-20220915/Vcf/TL2211802-175-1-MAN-202209_Ref_merged_ChromFixed.vcf.annotated.vcf.gz	/hogan_lab/Hogan_Lab_Shared/Zebrafish_Homozygosity/Alignment_VariantCall/220930_A00692_316_AHVMJFDSX3/TL2211802-175-1-MAN-20220915/candidates.vcf	/hogan_lab/Hogan_Lab_Shared/Zebrafish_Homozygosity/Alignment_VariantCall/220930_A00692_316_AHVMJFDSX3/TL2211802-175-1-MAN-20220915/bedgraph/TL2211802-175-1-MAN-20220915.nogap_nbases	/hogan_lab/Hogan_Lab_Shared/Zebrafish_Homozygosity/Alignment_VariantCall/220930_A00692_316_AHVMJFDSX3/TL2211802-175-1-MAN-20220915/bedgraph/TL2211802-175-1-MAN-20220915.nogap_nsnps	/hogan_lab/Hogan_Lab_Shared/Zebrafish_Homozygosity/Alignment_VariantCall/220930_A00692_316_AHVMJFDSX3/TL2211802-175-1-MAN-20220915/bedgraph/TL2211802-175-1-MAN-20220915.withgap_nbases	/hogan_lab/Hogan_Lab_Shared/Zebrafish_Homozygosity/Alignment_VariantCall/220930_A00692_316_AHVMJFDSX3/TL2211802-175-1-MAN-20220915/bedgraph/TL2211802-175-1-MAN-20220915.withgap_nsnps	/hogan_lab/Hogan_Lab_Shared/Zebrafish_Homozygosity/Alignment_VariantCall/220930_A00692_316_AHVMJFDSX3/TL2211802-175-1-MAN-20220915/TL2211802-175-1-MAN-20220915_candidates.json	TL2211802-175-1
TL2211803-NTC-3-MAN-20220915	/hogan_lab/Hogan_Lab_Shared/Zebrafish_Homozygosity/Alignment_VariantCall/220930_A00692_316_AHVMJFDSX3/TL2211803-NTC-3-MAN-20220915/Bam/TL2211803-NTC-3-MAN-202209_merged.markdups.bam	/hogan_lab/Hogan_Lab_Shared/Zebrafish_Homozygosity/Alignment_VariantCall/220930_A00692_316_AHVMJFDSX3/TL2211803-NTC-3-MAN-20220915/Vcf/TL2211803-NTC-3-MAN-202209_gcv_UG.vcf.gz	/hogan_lab/Hogan_Lab_Shared/Zebrafish_Homozygosity/Alignment_VariantCall/220930_A00692_316_AHVMJFDSX3/TL2211803-NTC-3-MAN-20220915/Vcf/TL2211803-NTC-3-MAN-202209_Ref_merged.vcf.gz	/hogan_lab/Hogan_Lab_Shared/Zebrafish_Homozygosity/Alignment_VariantCall/220930_A00692_316_AHVMJFDSX3/TL2211803-NTC-3-MAN-20220915/Vcf/TL2211803-NTC-3-MAN-202209_Ref_merged_ChromFixed.vcf.gz	/hogan_lab/Hogan_Lab_Shared/Zebrafish_Homozygosity/Alignment_VariantCall/220930_A00692_316_AHVMJFDSX3/TL2211803-NTC-3-MAN-20220915/Vcf/TL2211803-NTC-3-MAN-202209_Ref_merged_ChromFixed.vcf.annotated.vcf.gz	/hogan_lab/Hogan_Lab_Shared/Zebrafish_Homozygosity/Alignment_VariantCall/220930_A00692_316_AHVMJFDSX3/TL2211803-NTC-3-MAN-20220915/candidates.vcf	/hogan_lab/Hogan_Lab_Shared/Zebrafish_Homozygosity/Alignment_VariantCall/220930_A00692_316_AHVMJFDSX3/TL2211803-NTC-3-MAN-20220915/bedgraph/TL2211803-NTC-3-MAN-20220915.nogap_nbases	/hogan_lab/Hogan_Lab_Shared/Zebrafish_Homozygosity/Alignment_VariantCall/220930_A00692_316_AHVMJFDSX3/TL2211803-NTC-3-MAN-20220915/bedgraph/TL2211803-NTC-3-MAN-20220915.nogap_nsnps	/hogan_lab/Hogan_Lab_Shared/Zebrafish_Homozygosity/Alignment_VariantCall/220930_A00692_316_AHVMJFDSX3/TL2211803-NTC-3-MAN-20220915/bedgraph/TL2211803-NTC-3-MAN-20220915.withgap_nbases	/hogan_lab/Hogan_Lab_Shared/Zebrafish_Homozygosity/Alignment_VariantCall/220930_A00692_316_AHVMJFDSX3/TL2211803-NTC-3-MAN-20220915/bedgraph/TL2211803-NTC-3-MAN-20220915.withgap_nsnps	/hogan_lab/Hogan_Lab_Shared/Zebrafish_Homozygosity/Alignment_VariantCall/220930_A00692_316_AHVMJFDSX3/TL2211803-NTC-3-MAN-20220915/TL2211803-NTC-3-MAN-20220915_candidates.json	TL2211803-NTC-3
TL2212475-15-5a-MAN-20221007	/hogan_lab/Hogan_Lab_Shared/Zebrafish_Homozygosity/Alignment_VariantCall/221014_A00692_0319_BHGJ7CDMXY/TL2212475-15-5a-MAN-20221007/Bam/TL2212475-15-5a-MAN-202210_merged.markdups.bam	/hogan_lab/Hogan_Lab_Shared/Zebrafish_Homozygosity/Alignment_VariantCall/221014_A00692_0319_BHGJ7CDMXY/TL2212475-15-5a-MAN-20221007/Vcf/TL2212475-15-5a-MAN-202210_gcv_UG.vcf.gz	/hogan_lab/Hogan_Lab_Shared/Zebrafish_Homozygosity/Alignment_VariantCall/221014_A00692_0319_BHGJ7CDMXY/TL2212475-15-5a-MAN-20221007/Vcf/TL2212475-15-5a-MAN-202210_Ref_merged.vcf.gz	/hogan_lab/Hogan_Lab_Shared/Zebrafish_Homozygosity/Alignment_VariantCall/221014_A00692_0319_BHGJ7CDMXY/TL2212475-15-5a-MAN-20221007/Vcf/TL2212475-15-5a-MAN-202210_Ref_merged_ChromFixed.vcf.gz	/hogan_lab/Hogan_Lab_Shared/Zebrafish_Homozygosity/Alignment_VariantCall/221014_A00692_0319_BHGJ7CDMXY/TL2212475-15-5a-MAN-20221007/Vcf/TL2212475-15-5a-MAN-202210_Ref_merged_ChromFixed.vcf.annotated.vcf.gz	/hogan_lab/Hogan_Lab_Shared/Zebrafish_Homozygosity/Alignment_VariantCall/221014_A00692_0319_BHGJ7CDMXY/TL2212475-15-5a-MAN-20221007/candidates.vcf	/hogan_lab/Hogan_Lab_Shared/Zebrafish_Homozygosity/Alignment_VariantCall/221014_A00692_0319_BHGJ7CDMXY/TL2212475-15-5a-MAN-20221007/bedgraph_new/TL2212475-15-5a-MAN-20221007.nogap_nbases	/hogan_lab/Hogan_Lab_Shared/Zebrafish_Homozygosity/Alignment_VariantCall/221014_A00692_0319_BHGJ7CDMXY/TL2212475-15-5a-MAN-20221007/bedgraph_new/TL2212475-15-5a-MAN-20221007.nogap_nsnps	/hogan_lab/Hogan_Lab_Shared/Zebrafish_Homozygosity/Alignment_VariantCall/221014_A00692_0319_BHGJ7CDMXY/TL2212475-15-5a-MAN-20221007/bedgraph_new/TL2212475-15-5a-MAN-20221007.withgap_nbases	/hogan_lab/Hogan_Lab_Shared/Zebrafish_Homozygosity/Alignment_VariantCall/221014_A00692_0319_BHGJ7CDMXY/TL2212475-15-5a-MAN-20221007/bedgraph_new/TL2212475-15-5a-MAN-20221007.withgap_nsnps	/hogan_lab/Hogan_Lab_Shared/Zebrafish_Homozygosity/Alignment_VariantCall/221014_A00692_0319_BHGJ7CDMXY/TL2212475-15-5a-MAN-20221007/TL2212475-15-5a-MAN-20221007_candidates.json	TL2212475-15-5a
TL2212476-15-5b-MAN-20221007	/hogan_lab/Hogan_Lab_Shared/Zebrafish_Homozygosity/Alignment_VariantCall/221014_A00692_0319_BHGJ7CDMXY/TL2212476-15-5b-MAN-20221007/Bam/TL2212476-15-5b-MAN-202210_merged.markdups.bam	/hogan_lab/Hogan_Lab_Shared/Zebrafish_Homozygosity/Alignment_VariantCall/221014_A00692_0319_BHGJ7CDMXY/TL2212476-15-5b-MAN-20221007/Vcf/TL2212476-15-5b-MAN-202210_gcv_UG.vcf.gz	/hogan_lab/Hogan_Lab_Shared/Zebrafish_Homozygosity/Alignment_VariantCall/221014_A00692_0319_BHGJ7CDMXY/TL2212476-15-5b-MAN-20221007/Vcf/TL2212476-15-5b-MAN-202210_Ref_merged.vcf.gz	/hogan_lab/Hogan_Lab_Shared/Zebrafish_Homozygosity/Alignment_VariantCall/221014_A00692_0319_BHGJ7CDMXY/TL2212476-15-5b-MAN-20221007/Vcf/TL2212476-15-5b-MAN-202210_Ref_merged_ChromFixed.vcf.gz	/hogan_lab/Hogan_Lab_Shared/Zebrafish_Homozygosity/Alignment_VariantCall/221014_A00692_0319_BHGJ7CDMXY/TL2212476-15-5b-MAN-20221007/Vcf/TL2212476-15-5b-MAN-202210_Ref_merged_ChromFixed.vcf.annotated.vcf.gz	/hogan_lab/Hogan_Lab_Shared/Zebrafish_Homozygosity/Alignment_VariantCall/221014_A00692_0319_BHGJ7CDMXY/TL2212476-15-5b-MAN-20221007/candidates.vcf	/hogan_lab/Hogan_Lab_Shared/Zebrafish_Homozygosity/Alignment_VariantCall/221014_A00692_0319_BHGJ7CDMXY/TL2212476-15-5b-MAN-20221007/bedgraph_new/TL2212476-15-5b-MAN-20221007.nogap_nbases	/hogan_lab/Hogan_Lab_Shared/Zebrafish_Homozygosity/Alignment_VariantCall/221014_A00692_0319_BHGJ7CDMXY/TL2212476-15-5b-MAN-20221007/bedgraph_new/TL2212476-15-5b-MAN-20221007.nogap_nsnps	/hogan_lab/Hogan_Lab_Shared/Zebrafish_Homozygosity/Alignment_VariantCall/221014_A00692_0319_BHGJ7CDMXY/TL2212476-15-5b-MAN-20221007/bedgraph_new/TL2212476-15-5b-MAN-20221007.withgap_nbases	/hogan_lab/Hogan_Lab_Shared/Zebrafish_Homozygosity/Alignment_VariantCall/221014_A00692_0319_BHGJ7CDMXY/TL2212476-15-5b-MAN-20221007/bedgraph_new/TL2212476-15-5b-MAN-20221007.withgap_nsnps	/hogan_lab/Hogan_Lab_Shared/Zebrafish_Homozygosity/Alignment_VariantCall/221014_A00692_0319_BHGJ7CDMXY/TL2212476-15-5b-MAN-20221007/TL2212476-15-5b-MAN-20221007_candidates.json	TL2212476-15-5b
TL2212477-18-2-MAN-20221007	/hogan_lab/Hogan_Lab_Shared/Zebrafish_Homozygosity/Alignment_VariantCall/221014_A00692_0319_BHGJ7CDMXY/TL2212477-18-2-MAN-20221007/Bam/TL2212477-18-2-MAN-2022100_merged.markdups.bam	/hogan_lab/Hogan_Lab_Shared/Zebrafish_Homozygosity/Alignment_VariantCall/221014_A00692_0319_BHGJ7CDMXY/TL2212477-18-2-MAN-20221007/Vcf/TL2212477-18-2-MAN-2022100_gcv_UG.vcf.gz	/hogan_lab/Hogan_Lab_Shared/Zebrafish_Homozygosity/Alignment_VariantCall/221014_A00692_0319_BHGJ7CDMXY/TL2212477-18-2-MAN-20221007/Vcf/TL2212477-18-2-MAN-2022100_Ref_merged.vcf.gz	/hogan_lab/Hogan_Lab_Shared/Zebrafish_Homozygosity/Alignment_VariantCall/221014_A00692_0319_BHGJ7CDMXY/TL2212477-18-2-MAN-20221007/Vcf/TL2212477-18-2-MAN-2022100_Ref_merged_ChromFixed.vcf.gz	/hogan_lab/Hogan_Lab_Shared/Zebrafish_Homozygosity/Alignment_VariantCall/221014_A00692_0319_BHGJ7CDMXY/TL2212477-18-2-MAN-20221007/Vcf/TL2212477-18-2-MAN-2022100_Ref_merged_ChromFixed.vcf.annotated.vcf.gz	/hogan_lab/Hogan_Lab_Shared/Zebrafish_Homozygosity/Alignment_VariantCall/221014_A00692_0319_BHGJ7CDMXY/TL2212477-18-2-MAN-20221007/candidates.vcf	/hogan_lab/Hogan_Lab_Shared/Zebrafish_Homozygosity/Alignment_VariantCall/221014_A00692_0319_BHGJ7CDMXY/TL2212477-18-2-MAN-20221007/bedgraph_new/TL2212477-18-2-MAN-20221007.nogap_nbases	/hogan_lab/Hogan_Lab_Shared/Zebrafish_Homozygosity/Alignment_VariantCall/221014_A00692_0319_BHGJ7CDMXY/TL2212477-18-2-MAN-20221007/bedgraph_new/TL2212477-18-2-MAN-20221007.nogap_nsnps	/hogan_lab/Hogan_Lab_Shared/Zebrafish_Homozygosity/Alignment_VariantCall/221014_A00692_0319_BHGJ7CDMXY/TL2212477-18-2-MAN-20221007/bedgraph_new/TL2212477-18-2-MAN-20221007.withgap_nbases	/hogan_lab/Hogan_Lab_Shared/Zebrafish_Homozygosity/Alignment_VariantCall/221014_A00692_0319_BHGJ7CDMXY/TL2212477-18-2-MAN-20221007/bedgraph_new/TL2212477-18-2-MAN-20221007.withgap_nsnps	/hogan_lab/Hogan_Lab_Shared/Zebrafish_Homozygosity/Alignment_VariantCall/221014_A00692_0319_BHGJ7CDMXY/TL2212477-18-2-MAN-20221007/TL2212477-18-2-MAN-20221007_candidates.json	TL2212477-18-2
TL2212478-22-1-MAN-20221007	/hogan_lab/Hogan_Lab_Shared/Zebrafish_Homozygosity/Alignment_VariantCall/221014_A00692_0319_BHGJ7CDMXY/TL2212478-22-1-MAN-20221007/Bam/TL2212478-22-1-MAN-2022100_merged.markdups.bam	/hogan_lab/Hogan_Lab_Shared/Zebrafish_Homozygosity/Alignment_VariantCall/221014_A00692_0319_BHGJ7CDMXY/TL2212478-22-1-MAN-20221007/Vcf/TL2212478-22-1-MAN-2022100_gcv_UG.vcf.gz	/hogan_lab/Hogan_Lab_Shared/Zebrafish_Homozygosity/Alignment_VariantCall/221014_A00692_0319_BHGJ7CDMXY/TL2212478-22-1-MAN-20221007/Vcf/TL2212478-22-1-MAN-2022100_Ref_merged.vcf.gz	/hogan_lab/Hogan_Lab_Shared/Zebrafish_Homozygosity/Alignment_VariantCall/221014_A00692_0319_BHGJ7CDMXY/TL2212478-22-1-MAN-20221007/Vcf/TL2212478-22-1-MAN-2022100_Ref_merged_ChromFixed.vcf.gz	/hogan_lab/Hogan_Lab_Shared/Zebrafish_Homozygosity/Alignment_VariantCall/221014_A00692_0319_BHGJ7CDMXY/TL2212478-22-1-MAN-20221007/Vcf/TL2212478-22-1-MAN-2022100_Ref_merged_ChromFixed.vcf.annotated.vcf.gz	/hogan_lab/Hogan_Lab_Shared/Zebrafish_Homozygosity/Alignment_VariantCall/221014_A00692_0319_BHGJ7CDMXY/TL2212478-22-1-MAN-20221007/candidates.vcf	/hogan_lab/Hogan_Lab_Shared/Zebrafish_Homozygosity/Alignment_VariantCall/221014_A00692_0319_BHGJ7CDMXY/TL2212478-22-1-MAN-20221007/bedgraph_new/TL2212478-22-1-MAN-20221007.nogap_nbases	/hogan_lab/Hogan_Lab_Shared/Zebrafish_Homozygosity/Alignment_VariantCall/221014_A00692_0319_BHGJ7CDMXY/TL2212478-22-1-MAN-20221007/bedgraph_new/TL2212478-22-1-MAN-20221007.nogap_nsnps	/hogan_lab/Hogan_Lab_Shared/Zebrafish_Homozygosity/Alignment_VariantCall/221014_A00692_0319_BHGJ7CDMXY/TL2212478-22-1-MAN-20221007/bedgraph_new/TL2212478-22-1-MAN-20221007.withgap_nbases	/hogan_lab/Hogan_Lab_Shared/Zebrafish_Homozygosity/Alignment_VariantCall/221014_A00692_0319_BHGJ7CDMXY/TL2212478-22-1-MAN-20221007/bedgraph_new/TL2212478-22-1-MAN-20221007.withgap_nsnps	/hogan_lab/Hogan_Lab_Shared/Zebrafish_Homozygosity/Alignment_VariantCall/221014_A00692_0319_BHGJ7CDMXY/TL2212478-22-1-MAN-20221007/TL2212478-22-1-MAN-20221007_candidates.json	TL2212478-22-1
TL2212479-22-2-MAN-20221007	/hogan_lab/Hogan_Lab_Shared/Zebrafish_Homozygosity/Alignment_VariantCall/221014_A00692_0319_BHGJ7CDMXY/TL2212479-22-2-MAN-20221007/Bam/TL2212479-22-2-MAN-2022100_merged.markdups.bam	/hogan_lab/Hogan_Lab_Shared/Zebrafish_Homozygosity/Alignment_VariantCall/221014_A00692_0319_BHGJ7CDMXY/TL2212479-22-2-MAN-20221007/Vcf/TL2212479-22-2-MAN-2022100_gcv_UG.vcf.gz	/hogan_lab/Hogan_Lab_Shared/Zebrafish_Homozygosity/Alignment_VariantCall/221014_A00692_0319_BHGJ7CDMXY/TL2212479-22-2-MAN-20221007/Vcf/TL2212479-22-2-MAN-2022100_Ref_merged.vcf.gz	/hogan_lab/Hogan_Lab_Shared/Zebrafish_Homozygosity/Alignment_VariantCall/221014_A00692_0319_BHGJ7CDMXY/TL2212479-22-2-MAN-20221007/Vcf/TL2212479-22-2-MAN-2022100_Ref_merged_ChromFixed.vcf.gz	/hogan_lab/Hogan_Lab_Shared/Zebrafish_Homozygosity/Alignment_VariantCall/221014_A00692_0319_BHGJ7CDMXY/TL2212479-22-2-MAN-20221007/Vcf/TL2212479-22-2-MAN-2022100_Ref_merged_ChromFixed.vcf.annotated.vcf.gz	/hogan_lab/Hogan_Lab_Shared/Zebrafish_Homozygosity/Alignment_VariantCall/221014_A00692_0319_BHGJ7CDMXY/TL2212479-22-2-MAN-20221007/candidates.vcf	/hogan_lab/Hogan_Lab_Shared/Zebrafish_Homozygosity/Alignment_VariantCall/221014_A00692_0319_BHGJ7CDMXY/TL2212479-22-2-MAN-20221007/bedgraph_new/TL2212479-22-2-MAN-20221007.nogap_nbases	/hogan_lab/Hogan_Lab_Shared/Zebrafish_Homozygosity/Alignment_VariantCall/221014_A00692_0319_BHGJ7CDMXY/TL2212479-22-2-MAN-20221007/bedgraph_new/TL2212479-22-2-MAN-20221007.nogap_nsnps	/hogan_lab/Hogan_Lab_Shared/Zebrafish_Homozygosity/Alignment_VariantCall/221014_A00692_0319_BHGJ7CDMXY/TL2212479-22-2-MAN-20221007/bedgraph_new/TL2212479-22-2-MAN-20221007.withgap_nbases	/hogan_lab/Hogan_Lab_Shared/Zebrafish_Homozygosity/Alignment_VariantCall/221014_A00692_0319_BHGJ7CDMXY/TL2212479-22-2-MAN-20221007/bedgraph_new/TL2212479-22-2-MAN-20221007.withgap_nsnps	/hogan_lab/Hogan_Lab_Shared/Zebrafish_Homozygosity/Alignment_VariantCall/221014_A00692_0319_BHGJ7CDMXY/TL2212479-22-2-MAN-20221007/TL2212479-22-2-MAN-20221007_candidates.json	TL2212479-22-2
TL2212480-32-1-MAN-20221007	/hogan_lab/Hogan_Lab_Shared/Zebrafish_Homozygosity/Alignment_VariantCall/221014_A00692_0319_BHGJ7CDMXY/TL2212480-32-1-MAN-20221007/Bam/TL2212480-32-1-MAN-2022100_merged.markdups.bam	/hogan_lab/Hogan_Lab_Shared/Zebrafish_Homozygosity/Alignment_VariantCall/221014_A00692_0319_BHGJ7CDMXY/TL2212480-32-1-MAN-20221007/Vcf/TL2212480-32-1-MAN-2022100_gcv_UG.vcf.gz	/hogan_lab/Hogan_Lab_Shared/Zebrafish_Homozygosity/Alignment_VariantCall/221014_A00692_0319_BHGJ7CDMXY/TL2212480-32-1-MAN-20221007/Vcf/TL2212480-32-1-MAN-2022100_Ref_merged.vcf.gz	/hogan_lab/Hogan_Lab_Shared/Zebrafish_Homozygosity/Alignment_VariantCall/221014_A00692_0319_BHGJ7CDMXY/TL2212480-32-1-MAN-20221007/Vcf/TL2212480-32-1-MAN-2022100_Ref_merged_ChromFixed.vcf.gz	/hogan_lab/Hogan_Lab_Shared/Zebrafish_Homozygosity/Alignment_VariantCall/221014_A00692_0319_BHGJ7CDMXY/TL2212480-32-1-MAN-20221007/Vcf/TL2212480-32-1-MAN-2022100_Ref_merged_ChromFixed.vcf.annotated.vcf.gz	/hogan_lab/Hogan_Lab_Shared/Zebrafish_Homozygosity/Alignment_VariantCall/221014_A00692_0319_BHGJ7CDMXY/TL2212480-32-1-MAN-20221007/candidates.vcf	/hogan_lab/Hogan_Lab_Shared/Zebrafish_Homozygosity/Alignment_VariantCall/221014_A00692_0319_BHGJ7CDMXY/TL2212480-32-1-MAN-20221007/bedgraph_new/TL2212480-32-1-MAN-20221007.nogap_nbases	/hogan_lab/Hogan_Lab_Shared/Zebrafish_Homozygosity/Alignment_VariantCall/221014_A00692_0319_BHGJ7CDMXY/TL2212480-32-1-MAN-20221007/bedgraph_new/TL2212480-32-1-MAN-20221007.nogap_nsnps	/hogan_lab/Hogan_Lab_Shared/Zebrafish_Homozygosity/Alignment_VariantCall/221014_A00692_0319_BHGJ7CDMXY/TL2212480-32-1-MAN-20221007/bedgraph_new/TL2212480-32-1-MAN-20221007.withgap_nbases	/hogan_lab/Hogan_Lab_Shared/Zebrafish_Homozygosity/Alignment_VariantCall/221014_A00692_0319_BHGJ7CDMXY/TL2212480-32-1-MAN-20221007/bedgraph_new/TL2212480-32-1-MAN-20221007.withgap_nsnps	/hogan_lab/Hogan_Lab_Shared/Zebrafish_Homozygosity/Alignment_VariantCall/221014_A00692_0319_BHGJ7CDMXY/TL2212480-32-1-MAN-20221007/TL2212480-32-1-MAN-20221007_candidates.json	TL2212480-32-1
TL2212481-137-1-MAN-20221007	/hogan_lab/Hogan_Lab_Shared/Zebrafish_Homozygosity/Alignment_VariantCall/221014_A00692_0319_BHGJ7CDMXY/TL2212481-137-1-MAN-20221007/Bam/TL2212481-137-1-MAN-202210_merged.markdups.bam	/hogan_lab/Hogan_Lab_Shared/Zebrafish_Homozygosity/Alignment_VariantCall/221014_A00692_0319_BHGJ7CDMXY/TL2212481-137-1-MAN-20221007/Vcf/TL2212481-137-1-MAN-202210_gcv_UG.vcf.gz	/hogan_lab/Hogan_Lab_Shared/Zebrafish_Homozygosity/Alignment_VariantCall/221014_A00692_0319_BHGJ7CDMXY/TL2212481-137-1-MAN-20221007/Vcf/TL2212481-137-1-MAN-202210_Ref_merged.vcf.gz	/hogan_lab/Hogan_Lab_Shared/Zebrafish_Homozygosity/Alignment_VariantCall/221014_A00692_0319_BHGJ7CDMXY/TL2212481-137-1-MAN-20221007/Vcf/TL2212481-137-1-MAN-202210_Ref_merged_ChromFixed.vcf.gz	/hogan_lab/Hogan_Lab_Shared/Zebrafish_Homozygosity/Alignment_VariantCall/221014_A00692_0319_BHGJ7CDMXY/TL2212481-137-1-MAN-20221007/Vcf/TL2212481-137-1-MAN-202210_Ref_merged_ChromFixed.vcf.annotated.vcf.gz	/hogan_lab/Hogan_Lab_Shared/Zebrafish_Homozygosity/Alignment_VariantCall/221014_A00692_0319_BHGJ7CDMXY/TL2212481-137-1-MAN-20221007/candidates.vcf	/hogan_lab/Hogan_Lab_Shared/Zebrafish_Homozygosity/Alignment_VariantCall/221014_A00692_0319_BHGJ7CDMXY/TL2212481-137-1-MAN-20221007/bedgraph_new/TL2212481-137-1-MAN-20221007.nogap_nbases	/hogan_lab/Hogan_Lab_Shared/Zebrafish_Homozygosity/Alignment_VariantCall/221014_A00692_0319_BHGJ7CDMXY/TL2212481-137-1-MAN-20221007/bedgraph_new/TL2212481-137-1-MAN-20221007.nogap_nsnps	/hogan_lab/Hogan_Lab_Shared/Zebrafish_Homozygosity/Alignment_VariantCall/221014_A00692_0319_BHGJ7CDMXY/TL2212481-137-1-MAN-20221007/bedgraph_new/TL2212481-137-1-MAN-20221007.withgap_nbases	/hogan_lab/Hogan_Lab_Shared/Zebrafish_Homozygosity/Alignment_VariantCall/221014_A00692_0319_BHGJ7CDMXY/TL2212481-137-1-MAN-20221007/bedgraph_new/TL2212481-137-1-MAN-20221007.withgap_nsnps	/hogan_lab/Hogan_Lab_Shared/Zebrafish_Homozygosity/Alignment_VariantCall/221014_A00692_0319_BHGJ7CDMXY/TL2212481-137-1-MAN-20221007/TL2212481-137-1-MAN-20221007_candidates.json	TL2212481-137-1
TL2212482-147-4-MAN-20221007	/hogan_lab/Hogan_Lab_Shared/Zebrafish_Homozygosity/Alignment_VariantCall/221014_A00692_0319_BHGJ7CDMXY/TL2212482-147-4-MAN-20221007/Bam/TL2212482-147-4-MAN-202210_merged.markdups.bam	/hogan_lab/Hogan_Lab_Shared/Zebrafish_Homozygosity/Alignment_VariantCall/221014_A00692_0319_BHGJ7CDMXY/TL2212482-147-4-MAN-20221007/Vcf/TL2212482-147-4-MAN-202210_gcv_UG.vcf.gz	/hogan_lab/Hogan_Lab_Shared/Zebrafish_Homozygosity/Alignment_VariantCall/221014_A00692_0319_BHGJ7CDMXY/TL2212482-147-4-MAN-20221007/Vcf/TL2212482-147-4-MAN-202210_Ref_merged.vcf.gz	/hogan_lab/Hogan_Lab_Shared/Zebrafish_Homozygosity/Alignment_VariantCall/221014_A00692_0319_BHGJ7CDMXY/TL2212482-147-4-MAN-20221007/Vcf/TL2212482-147-4-MAN-202210_Ref_merged_ChromFixed.vcf.gz	/hogan_lab/Hogan_Lab_Shared/Zebrafish_Homozygosity/Alignment_VariantCall/221014_A00692_0319_BHGJ7CDMXY/TL2212482-147-4-MAN-20221007/Vcf/TL2212482-147-4-MAN-202210_Ref_merged_ChromFixed.vcf.annotated.vcf.gz	/hogan_lab/Hogan_Lab_Shared/Zebrafish_Homozygosity/Alignment_VariantCall/221014_A00692_0319_BHGJ7CDMXY/TL2212482-147-4-MAN-20221007/candidates.vcf	/hogan_lab/Hogan_Lab_Shared/Zebrafish_Homozygosity/Alignment_VariantCall/221014_A00692_0319_BHGJ7CDMXY/TL2212482-147-4-MAN-20221007/bedgraph_new/TL2212482-147-4-MAN-20221007.nogap_nbases	/hogan_lab/Hogan_Lab_Shared/Zebrafish_Homozygosity/Alignment_VariantCall/221014_A00692_0319_BHGJ7CDMXY/TL2212482-147-4-MAN-20221007/bedgraph_new/TL2212482-147-4-MAN-20221007.nogap_nsnps	/hogan_lab/Hogan_Lab_Shared/Zebrafish_Homozygosity/Alignment_VariantCall/221014_A00692_0319_BHGJ7CDMXY/TL2212482-147-4-MAN-20221007/bedgraph_new/TL2212482-147-4-MAN-20221007.withgap_nbases	/hogan_lab/Hogan_Lab_Shared/Zebrafish_Homozygosity/Alignment_VariantCall/221014_A00692_0319_BHGJ7CDMXY/TL2212482-147-4-MAN-20221007/bedgraph_new/TL2212482-147-4-MAN-20221007.withgap_nsnps	/hogan_lab/Hogan_Lab_Shared/Zebrafish_Homozygosity/Alignment_VariantCall/221014_A00692_0319_BHGJ7CDMXY/TL2212482-147-4-MAN-20221007/TL2212482-147-4-MAN-20221007_candidates.json	TL2212482-147-4
TL2212483-NTC-MAN-20221007	/hogan_lab/Hogan_Lab_Shared/Zebrafish_Homozygosity/Alignment_VariantCall/221014_A00692_0319_BHGJ7CDMXY/TL2212483-NTC-MAN-20221007/Bam/TL2212483-NTC-MAN-20221007_merged.markdups.bam	/hogan_lab/Hogan_Lab_Shared/Zebrafish_Homozygosity/Alignment_VariantCall/221014_A00692_0319_BHGJ7CDMXY/TL2212483-NTC-MAN-20221007/Vcf/TL2212483-NTC-MAN-20221007_gcv_UG.vcf.gz	/hogan_lab/Hogan_Lab_Shared/Zebrafish_Homozygosity/Alignment_VariantCall/221014_A00692_0319_BHGJ7CDMXY/TL2212483-NTC-MAN-20221007/Vcf/TL2212483-NTC-MAN-20221007_Ref_merged.vcf.gz	/hogan_lab/Hogan_Lab_Shared/Zebrafish_Homozygosity/Alignment_VariantCall/221014_A00692_0319_BHGJ7CDMXY/TL2212483-NTC-MAN-20221007/Vcf/TL2212483-NTC-MAN-20221007_Ref_merged_ChromFixed.vcf.gz	/hogan_lab/Hogan_Lab_Shared/Zebrafish_Homozygosity/Alignment_VariantCall/221014_A00692_0319_BHGJ7CDMXY/TL2212483-NTC-MAN-20221007/Vcf/TL2212483-NTC-MAN-20221007_Ref_merged_ChromFixed.vcf.annotated.vcf.gz	/hogan_lab/Hogan_Lab_Shared/Zebrafish_Homozygosity/Alignment_VariantCall/221014_A00692_0319_BHGJ7CDMXY/TL2212483-NTC-MAN-20221007/candidates.vcf	/hogan_lab/Hogan_Lab_Shared/Zebrafish_Homozygosity/Alignment_VariantCall/221014_A00692_0319_BHGJ7CDMXY/TL2212483-NTC-MAN-20221007/bedgraph_new/TL2212483-NTC-MAN-20221007.nogap_nbases	/hogan_lab/Hogan_Lab_Shared/Zebrafish_Homozygosity/Alignment_VariantCall/221014_A00692_0319_BHGJ7CDMXY/TL2212483-NTC-MAN-20221007/bedgraph_new/TL2212483-NTC-MAN-20221007.nogap_nsnps	/hogan_lab/Hogan_Lab_Shared/Zebrafish_Homozygosity/Alignment_VariantCall/221014_A00692_0319_BHGJ7CDMXY/TL2212483-NTC-MAN-20221007/bedgraph_new/TL2212483-NTC-MAN-20221007.withgap_nbases	/hogan_lab/Hogan_Lab_Shared/Zebrafish_Homozygosity/Alignment_VariantCall/221014_A00692_0319_BHGJ7CDMXY/TL2212483-NTC-MAN-20221007/bedgraph_new/TL2212483-NTC-MAN-20221007.withgap_nsnps	/hogan_lab/Hogan_Lab_Shared/Zebrafish_Homozygosity/Alignment_VariantCall/221014_A00692_0319_BHGJ7CDMXY/TL2212483-NTC-MAN-20221007/TL2212483-NTC-MAN-20221007_candidates.json	TL2212483-NTC-MAN
TL2312061-15-1-MAN-20231116	/hogan_lab/Hogan_Lab_Shared/Zebrafish_Homozygosity/Alignment_VariantCall/231201_A00692_0394_231208_A00692_0396/TL2312061-15-1-MAN-20231116/Bam/TL2312061-15-1-MAN-2023111_merged.markdups.bam	/hogan_lab/Hogan_Lab_Shared/Zebrafish_Homozygosity/Alignment_VariantCall/231201_A00692_0394_231208_A00692_0396/TL2312061-15-1-MAN-20231116/Vcf/TL2312061-15-1-MAN-2023111_gcv_UG.vcf.gz	/hogan_lab/Hogan_Lab_Shared/Zebrafish_Homozygosity/Alignment_VariantCall/231201_A00692_0394_231208_A00692_0396/TL2312061-15-1-MAN-20231116/Vcf/TL2312061-15-1-MAN-2023111_Ref_merged.vcf.gz	/hogan_lab/Hogan_Lab_Shared/Zebrafish_Homozygosity/Alignment_VariantCall/231201_A00692_0394_231208_A00692_0396/TL2312061-15-1-MAN-20231116/Vcf/TL2312061-15-1-MAN-2023111_Ref_merged_ChromFixed.vcf.gz	/hogan_lab/Hogan_Lab_Shared/Zebrafish_Homozygosity/Alignment_VariantCall/231201_A00692_0394_231208_A00692_0396/TL2312061-15-1-MAN-20231116/Vcf/TL2312061-15-1-MAN-2023111_Ref_merged_ChromFixed.vcf.annotated.vcf.gz	/hogan_lab/Hogan_Lab_Shared/Zebrafish_Homozygosity/Alignment_VariantCall/231201_A00692_0394_231208_A00692_0396/TL2312061-15-1-MAN-20231116/candidates.vcf	/hogan_lab/Hogan_Lab_Shared/Zebrafish_Homozygosity/Alignment_VariantCall/231201_A00692_0394_231208_A00692_0396/TL2312061-15-1-MAN-20231116/bedgraph/TL2312061-15-1-MAN-20231116.nogap_nbases	/hogan_lab/Hogan_Lab_Shared/Zebrafish_Homozygosity/Alignment_VariantCall/231201_A00692_0394_231208_A00692_0396/TL2312061-15-1-MAN-20231116/bedgraph/TL2312061-15-1-MAN-20231116.nogap_nsnps	/hogan_lab/Hogan_Lab_Shared/Zebrafish_Homozygosity/Alignment_VariantCall/231201_A00692_0394_231208_A00692_0396/TL2312061-15-1-MAN-20231116/bedgraph/TL2312061-15-1-MAN-20231116.withgap_nbases	/hogan_lab/Hogan_Lab_Shared/Zebrafish_Homozygosity/Alignment_VariantCall/231201_A00692_0394_231208_A00692_0396/TL2312061-15-1-MAN-20231116/bedgraph/TL2312061-15-1-MAN-20231116.withgap_nsnps	/hogan_lab/Hogan_Lab_Shared/Zebrafish_Homozygosity/Alignment_VariantCall/231201_A00692_0394_231208_A00692_0396/TL2312061-15-1-MAN-20231116/TL2312061-15-1-MAN-20231116_candidates.json	TL2312061-15-1
TL2312062-15-3-MAN-20231116	/hogan_lab/Hogan_Lab_Shared/Zebrafish_Homozygosity/Alignment_VariantCall/231201_A00692_0394_231208_A00692_0396/TL2312062-15-3-MAN-20231116/Bam/TL2312062-15-3-MAN-2023111_merged.markdups.bam	/hogan_lab/Hogan_Lab_Shared/Zebrafish_Homozygosity/Alignment_VariantCall/231201_A00692_0394_231208_A00692_0396/TL2312062-15-3-MAN-20231116/Vcf/TL2312062-15-3-MAN-2023111_gcv_UG.vcf.gz	/hogan_lab/Hogan_Lab_Shared/Zebrafish_Homozygosity/Alignment_VariantCall/231201_A00692_0394_231208_A00692_0396/TL2312062-15-3-MAN-20231116/Vcf/TL2312062-15-3-MAN-2023111_Ref_merged.vcf.gz	/hogan_lab/Hogan_Lab_Shared/Zebrafish_Homozygosity/Alignment_VariantCall/231201_A00692_0394_231208_A00692_0396/TL2312062-15-3-MAN-20231116/Vcf/TL2312062-15-3-MAN-2023111_Ref_merged_ChromFixed.vcf.gz	/hogan_lab/Hogan_Lab_Shared/Zebrafish_Homozygosity/Alignment_VariantCall/231201_A00692_0394_231208_A00692_0396/TL2312062-15-3-MAN-20231116/Vcf/TL2312062-15-3-MAN-2023111_Ref_merged_ChromFixed.vcf.annotated.vcf.gz	/hogan_lab/Hogan_Lab_Shared/Zebrafish_Homozygosity/Alignment_VariantCall/231201_A00692_0394_231208_A00692_0396/TL2312062-15-3-MAN-20231116/candidates.vcf	/hogan_lab/Hogan_Lab_Shared/Zebrafish_Homozygosity/Alignment_VariantCall/231201_A00692_0394_231208_A00692_0396/TL2312062-15-3-MAN-20231116/bedgraph/TL2312062-15-3-MAN-20231116.nogap_nbases	/hogan_lab/Hogan_Lab_Shared/Zebrafish_Homozygosity/Alignment_VariantCall/231201_A00692_0394_231208_A00692_0396/TL2312062-15-3-MAN-20231116/bedgraph/TL2312062-15-3-MAN-20231116.nogap_nsnps	/hogan_lab/Hogan_Lab_Shared/Zebrafish_Homozygosity/Alignment_VariantCall/231201_A00692_0394_231208_A00692_0396/TL2312062-15-3-MAN-20231116/bedgraph/TL2312062-15-3-MAN-20231116.withgap_nbases	/hogan_lab/Hogan_Lab_Shared/Zebrafish_Homozygosity/Alignment_VariantCall/231201_A00692_0394_231208_A00692_0396/TL2312062-15-3-MAN-20231116/bedgraph/TL2312062-15-3-MAN-20231116.withgap_nsnps	/hogan_lab/Hogan_Lab_Shared/Zebrafish_Homozygosity/Alignment_VariantCall/231201_A00692_0394_231208_A00692_0396/TL2312062-15-3-MAN-20231116/TL2312062-15-3-MAN-20231116_candidates.json	TL2312062-15-3
TL2312063-018-2-4-MAN-20231116	/hogan_lab/Hogan_Lab_Shared/Zebrafish_Homozygosity/Alignment_VariantCall/231201_A00692_0394_231208_A00692_0396/TL2312063-018-2-4-MAN-20231116/Bam/TL2312063-018-2-4-MAN-2023_merged.markdups.bam	/hogan_lab/Hogan_Lab_Shared/Zebrafish_Homozygosity/Alignment_VariantCall/231201_A00692_0394_231208_A00692_0396/TL2312063-018-2-4-MAN-20231116/Vcf/TL2312063-018-2-4-MAN-2023_gcv_UG.vcf.gz	/hogan_lab/Hogan_Lab_Shared/Zebrafish_Homozygosity/Alignment_VariantCall/231201_A00692_0394_231208_A00692_0396/TL2312063-018-2-4-MAN-20231116/Vcf/TL2312063-018-2-4-MAN-2023_Ref_merged.vcf.gz	/hogan_lab/Hogan_Lab_Shared/Zebrafish_Homozygosity/Alignment_VariantCall/231201_A00692_0394_231208_A00692_0396/TL2312063-018-2-4-MAN-20231116/Vcf/TL2312063-018-2-4-MAN-2023_Ref_merged_ChromFixed.vcf.gz	/hogan_lab/Hogan_Lab_Shared/Zebrafish_Homozygosity/Alignment_VariantCall/231201_A00692_0394_231208_A00692_0396/TL2312063-018-2-4-MAN-20231116/Vcf/TL2312063-018-2-4-MAN-2023_Ref_merged_ChromFixed.vcf.annotated.vcf.gz	/hogan_lab/Hogan_Lab_Shared/Zebrafish_Homozygosity/Alignment_VariantCall/231201_A00692_0394_231208_A00692_0396/TL2312063-018-2-4-MAN-20231116/candidates.vcf	/hogan_lab/Hogan_Lab_Shared/Zebrafish_Homozygosity/Alignment_VariantCall/231201_A00692_0394_231208_A00692_0396/TL2312063-018-2-4-MAN-20231116/bedgraph/TL2312063-018-2-4-MAN-20231116.nogap_nbases	/hogan_lab/Hogan_Lab_Shared/Zebrafish_Homozygosity/Alignment_VariantCall/231201_A00692_0394_231208_A00692_0396/TL2312063-018-2-4-MAN-20231116/bedgraph/TL2312063-018-2-4-MAN-20231116.nogap_nsnps	/hogan_lab/Hogan_Lab_Shared/Zebrafish_Homozygosity/Alignment_VariantCall/231201_A00692_0394_231208_A00692_0396/TL2312063-018-2-4-MAN-20231116/bedgraph/TL2312063-018-2-4-MAN-20231116.withgap_nbases	/hogan_lab/Hogan_Lab_Shared/Zebrafish_Homozygosity/Alignment_VariantCall/231201_A00692_0394_231208_A00692_0396/TL2312063-018-2-4-MAN-20231116/bedgraph/TL2312063-018-2-4-MAN-20231116.withgap_nsnps	/hogan_lab/Hogan_Lab_Shared/Zebrafish_Homozygosity/Alignment_VariantCall/231201_A00692_0394_231208_A00692_0396/TL2312063-018-2-4-MAN-20231116/TL2312063-018-2-4-MAN-20231116_candidates.json	TL2312063-018-2
TL2312065-024-6-MAN-20231116	/hogan_lab/Hogan_Lab_Shared/Zebrafish_Homozygosity/Alignment_VariantCall/231201_A00692_0394_231208_A00692_0396/TL2312065-024-6-MAN-20231116/Bam/TL2312065-024-6-MAN-202311_merged.markdups.bam	/hogan_lab/Hogan_Lab_Shared/Zebrafish_Homozygosity/Alignment_VariantCall/231201_A00692_0394_231208_A00692_0396/TL2312065-024-6-MAN-20231116/Vcf/TL2312065-024-6-MAN-202311_gcv_UG.vcf.gz	/hogan_lab/Hogan_Lab_Shared/Zebrafish_Homozygosity/Alignment_VariantCall/231201_A00692_0394_231208_A00692_0396/TL2312065-024-6-MAN-20231116/Vcf/TL2312065-024-6-MAN-202311_Ref_merged.vcf.gz	/hogan_lab/Hogan_Lab_Shared/Zebrafish_Homozygosity/Alignment_VariantCall/231201_A00692_0394_231208_A00692_0396/TL2312065-024-6-MAN-20231116/Vcf/TL2312065-024-6-MAN-202311_Ref_merged_ChromFixed.vcf.gz	/hogan_lab/Hogan_Lab_Shared/Zebrafish_Homozygosity/Alignment_VariantCall/231201_A00692_0394_231208_A00692_0396/TL2312065-024-6-MAN-20231116/Vcf/TL2312065-024-6-MAN-202311_Ref_merged_ChromFixed.vcf.annotated.vcf.gz	/hogan_lab/Hogan_Lab_Shared/Zebrafish_Homozygosity/Alignment_VariantCall/231201_A00692_0394_231208_A00692_0396/TL2312065-024-6-MAN-20231116/candidates.vcf	/hogan_lab/Hogan_Lab_Shared/Zebrafish_Homozygosity/Alignment_VariantCall/231201_A00692_0394_231208_A00692_0396/TL2312065-024-6-MAN-20231116/bedgraph/TL2312065-024-6-MAN-20231116.nogap_nbases	/hogan_lab/Hogan_Lab_Shared/Zebrafish_Homozygosity/Alignment_VariantCall/231201_A00692_0394_231208_A00692_0396/TL2312065-024-6-MAN-20231116/bedgraph/TL2312065-024-6-MAN-20231116.nogap_nsnps	/hogan_lab/Hogan_Lab_Shared/Zebrafish_Homozygosity/Alignment_VariantCall/231201_A00692_0394_231208_A00692_0396/TL2312065-024-6-MAN-20231116/bedgraph/TL2312065-024-6-MAN-20231116.withgap_nbases	/hogan_lab/Hogan_Lab_Shared/Zebrafish_Homozygosity/Alignment_VariantCall/231201_A00692_0394_231208_A00692_0396/TL2312065-024-6-MAN-20231116/bedgraph/TL2312065-024-6-MAN-20231116.withgap_nsnps	/hogan_lab/Hogan_Lab_Shared/Zebrafish_Homozygosity/Alignment_VariantCall/231201_A00692_0394_231208_A00692_0396/TL2312065-024-6-MAN-20231116/TL2312065-024-6-MAN-20231116_candidates.json	TL2312065-024-6
TL2312066-38-A-MAN-20231116	/hogan_lab/Hogan_Lab_Shared/Zebrafish_Homozygosity/Alignment_VariantCall/231201_A00692_0394_231208_A00692_0396/TL2312066-38-A-MAN-20231116/Bam/TL2312066-38-A-MAN-2023111_merged.markdups.bam	/hogan_lab/Hogan_Lab_Shared/Zebrafish_Homozygosity/Alignment_VariantCall/231201_A00692_0394_231208_A00692_0396/TL2312066-38-A-MAN-20231116/Vcf/TL2312066-38-A-MAN-2023111_gcv_UG.vcf.gz	/hogan_lab/Hogan_Lab_Shared/Zebrafish_Homozygosity/Alignment_VariantCall/231201_A00692_0394_231208_A00692_0396/TL2312066-38-A-MAN-20231116/Vcf/TL2312066-38-A-MAN-2023111_Ref_merged.vcf.gz	/hogan_lab/Hogan_Lab_Shared/Zebrafish_Homozygosity/Alignment_VariantCall/231201_A00692_0394_231208_A00692_0396/TL2312066-38-A-MAN-20231116/Vcf/TL2312066-38-A-MAN-2023111_Ref_merged_ChromFixed.vcf.gz	/hogan_lab/Hogan_Lab_Shared/Zebrafish_Homozygosity/Alignment_VariantCall/231201_A00692_0394_231208_A00692_0396/TL2312066-38-A-MAN-20231116/Vcf/TL2312066-38-A-MAN-2023111_Ref_merged_ChromFixed.vcf.annotated.vcf.gz	/hogan_lab/Hogan_Lab_Shared/Zebrafish_Homozygosity/Alignment_VariantCall/231201_A00692_0394_231208_A00692_0396/TL2312066-38-A-MAN-20231116/candidates.vcf	/hogan_lab/Hogan_Lab_Shared/Zebrafish_Homozygosity/Alignment_VariantCall/231201_A00692_0394_231208_A00692_0396/TL2312066-38-A-MAN-20231116/bedgraph/TL2312066-38-A-MAN-20231116.nogap_nbases	/hogan_lab/Hogan_Lab_Shared/Zebrafish_Homozygosity/Alignment_VariantCall/231201_A00692_0394_231208_A00692_0396/TL2312066-38-A-MAN-20231116/bedgraph/TL2312066-38-A-MAN-20231116.nogap_nsnps	/hogan_lab/Hogan_Lab_Shared/Zebrafish_Homozygosity/Alignment_VariantCall/231201_A00692_0394_231208_A00692_0396/TL2312066-38-A-MAN-20231116/bedgraph/TL2312066-38-A-MAN-20231116.withgap_nbases	/hogan_lab/Hogan_Lab_Shared/Zebrafish_Homozygosity/Alignment_VariantCall/231201_A00692_0394_231208_A00692_0396/TL2312066-38-A-MAN-20231116/bedgraph/TL2312066-38-A-MAN-20231116.withgap_nsnps	/hogan_lab/Hogan_Lab_Shared/Zebrafish_Homozygosity/Alignment_VariantCall/231201_A00692_0394_231208_A00692_0396/TL2312066-38-A-MAN-20231116/TL2312066-38-A-MAN-20231116_candidates.json	TL2312066-38-A
TL2312067-49-2-A-MAN-20231116	/hogan_lab/Hogan_Lab_Shared/Zebrafish_Homozygosity/Alignment_VariantCall/231201_A00692_0394_231208_A00692_0396/TL2312067-49-2-A-MAN-20231116/Bam/TL2312067-49-2-A-MAN-20231_merged.markdups.bam	/hogan_lab/Hogan_Lab_Shared/Zebrafish_Homozygosity/Alignment_VariantCall/231201_A00692_0394_231208_A00692_0396/TL2312067-49-2-A-MAN-20231116/Vcf/TL2312067-49-2-A-MAN-20231_gcv_UG.vcf.gz	/hogan_lab/Hogan_Lab_Shared/Zebrafish_Homozygosity/Alignment_VariantCall/231201_A00692_0394_231208_A00692_0396/TL2312067-49-2-A-MAN-20231116/Vcf/TL2312067-49-2-A-MAN-20231_Ref_merged.vcf.gz	/hogan_lab/Hogan_Lab_Shared/Zebrafish_Homozygosity/Alignment_VariantCall/231201_A00692_0394_231208_A00692_0396/TL2312067-49-2-A-MAN-20231116/Vcf/TL2312067-49-2-A-MAN-20231_Ref_merged_ChromFixed.vcf.gz	/hogan_lab/Hogan_Lab_Shared/Zebrafish_Homozygosity/Alignment_VariantCall/231201_A00692_0394_231208_A00692_0396/TL2312067-49-2-A-MAN-20231116/Vcf/TL2312067-49-2-A-MAN-20231_Ref_merged_ChromFixed.vcf.annotated.vcf.gz	/hogan_lab/Hogan_Lab_Shared/Zebrafish_Homozygosity/Alignment_VariantCall/231201_A00692_0394_231208_A00692_0396/TL2312067-49-2-A-MAN-20231116/candidates.vcf	/hogan_lab/Hogan_Lab_Shared/Zebrafish_Homozygosity/Alignment_VariantCall/231201_A00692_0394_231208_A00692_0396/TL2312067-49-2-A-MAN-20231116/bedgraph/TL2312067-49-2-A-MAN-20231116.nogap_nbases	/hogan_lab/Hogan_Lab_Shared/Zebrafish_Homozygosity/Alignment_VariantCall/231201_A00692_0394_231208_A00692_0396/TL2312067-49-2-A-MAN-20231116/bedgraph/TL2312067-49-2-A-MAN-20231116.nogap_nsnps	/hogan_lab/Hogan_Lab_Shared/Zebrafish_Homozygosity/Alignment_VariantCall/231201_A00692_0394_231208_A00692_0396/TL2312067-49-2-A-MAN-20231116/bedgraph/TL2312067-49-2-A-MAN-20231116.withgap_nbases	/hogan_lab/Hogan_Lab_Shared/Zebrafish_Homozygosity/Alignment_VariantCall/231201_A00692_0394_231208_A00692_0396/TL2312067-49-2-A-MAN-20231116/bedgraph/TL2312067-49-2-A-MAN-20231116.withgap_nsnps	/hogan_lab/Hogan_Lab_Shared/Zebrafish_Homozygosity/Alignment_VariantCall/231201_A00692_0394_231208_A00692_0396/TL2312067-49-2-A-MAN-20231116/TL2312067-49-2-A-MAN-20231116_candidates.json	TL2312067-49-2
TL2312068-49-2-C-MAN-20231116	/hogan_lab/Hogan_Lab_Shared/Zebrafish_Homozygosity/Alignment_VariantCall/231201_A00692_0394_231208_A00692_0396/TL2312068-49-2-C-MAN-20231116/Bam/TL2312068-49-2-C-MAN-20231_merged.markdups.bam	/hogan_lab/Hogan_Lab_Shared/Zebrafish_Homozygosity/Alignment_VariantCall/231201_A00692_0394_231208_A00692_0396/TL2312068-49-2-C-MAN-20231116/Vcf/TL2312068-49-2-C-MAN-20231_gcv_UG.vcf.gz	/hogan_lab/Hogan_Lab_Shared/Zebrafish_Homozygosity/Alignment_VariantCall/231201_A00692_0394_231208_A00692_0396/TL2312068-49-2-C-MAN-20231116/Vcf/TL2312068-49-2-C-MAN-20231_Ref_merged.vcf.gz	/hogan_lab/Hogan_Lab_Shared/Zebrafish_Homozygosity/Alignment_VariantCall/231201_A00692_0394_231208_A00692_0396/TL2312068-49-2-C-MAN-20231116/Vcf/TL2312068-49-2-C-MAN-20231_Ref_merged_ChromFixed.vcf.gz	/hogan_lab/Hogan_Lab_Shared/Zebrafish_Homozygosity/Alignment_VariantCall/231201_A00692_0394_231208_A00692_0396/TL2312068-49-2-C-MAN-20231116/Vcf/TL2312068-49-2-C-MAN-20231_Ref_merged_ChromFixed.vcf.annotated.vcf.gz	/hogan_lab/Hogan_Lab_Shared/Zebrafish_Homozygosity/Alignment_VariantCall/231201_A00692_0394_231208_A00692_0396/TL2312068-49-2-C-MAN-20231116/candidates.vcf	/hogan_lab/Hogan_Lab_Shared/Zebrafish_Homozygosity/Alignment_VariantCall/231201_A00692_0394_231208_A00692_0396/TL2312068-49-2-C-MAN-20231116/bedgraph/TL2312068-49-2-C-MAN-20231116.nogap_nbases	/hogan_lab/Hogan_Lab_Shared/Zebrafish_Homozygosity/Alignment_VariantCall/231201_A00692_0394_231208_A00692_0396/TL2312068-49-2-C-MAN-20231116/bedgraph/TL2312068-49-2-C-MAN-20231116.nogap_nsnps	/hogan_lab/Hogan_Lab_Shared/Zebrafish_Homozygosity/Alignment_VariantCall/231201_A00692_0394_231208_A00692_0396/TL2312068-49-2-C-MAN-20231116/bedgraph/TL2312068-49-2-C-MAN-20231116.withgap_nbases	/hogan_lab/Hogan_Lab_Shared/Zebrafish_Homozygosity/Alignment_VariantCall/231201_A00692_0394_231208_A00692_0396/TL2312068-49-2-C-MAN-20231116/bedgraph/TL2312068-49-2-C-MAN-20231116.withgap_nsnps	/hogan_lab/Hogan_Lab_Shared/Zebrafish_Homozygosity/Alignment_VariantCall/231201_A00692_0394_231208_A00692_0396/TL2312068-49-2-C-MAN-20231116/TL2312068-49-2-C-MAN-20231116_candidates.json	TL2312068-49-2
TL2312069-53-2-MAN-20231116	/hogan_lab/Hogan_Lab_Shared/Zebrafish_Homozygosity/Alignment_VariantCall/231201_A00692_0394_231208_A00692_0396/TL2312069-53-2-MAN-20231116/Bam/TL2312069-53-2-MAN-2023111_merged.markdups.bam	/hogan_lab/Hogan_Lab_Shared/Zebrafish_Homozygosity/Alignment_VariantCall/231201_A00692_0394_231208_A00692_0396/TL2312069-53-2-MAN-20231116/Vcf/TL2312069-53-2-MAN-2023111_gcv_UG.vcf.gz	/hogan_lab/Hogan_Lab_Shared/Zebrafish_Homozygosity/Alignment_VariantCall/231201_A00692_0394_231208_A00692_0396/TL2312069-53-2-MAN-20231116/Vcf/TL2312069-53-2-MAN-2023111_Ref_merged.vcf.gz	/hogan_lab/Hogan_Lab_Shared/Zebrafish_Homozygosity/Alignment_VariantCall/231201_A00692_0394_231208_A00692_0396/TL2312069-53-2-MAN-20231116/Vcf/TL2312069-53-2-MAN-2023111_Ref_merged_ChromFixed.vcf.gz	/hogan_lab/Hogan_Lab_Shared/Zebrafish_Homozygosity/Alignment_VariantCall/231201_A00692_0394_231208_A00692_0396/TL2312069-53-2-MAN-20231116/Vcf/TL2312069-53-2-MAN-2023111_Ref_merged_ChromFixed.vcf.annotated.vcf.gz	/hogan_lab/Hogan_Lab_Shared/Zebrafish_Homozygosity/Alignment_VariantCall/231201_A00692_0394_231208_A00692_0396/TL2312069-53-2-MAN-20231116/candidates.vcf	/hogan_lab/Hogan_Lab_Shared/Zebrafish_Homozygosity/Alignment_VariantCall/231201_A00692_0394_231208_A00692_0396/TL2312069-53-2-MAN-20231116/bedgraph/TL2312069-53-2-MAN-20231116.nogap_nbases	/hogan_lab/Hogan_Lab_Shared/Zebrafish_Homozygosity/Alignment_VariantCall/231201_A00692_0394_231208_A00692_0396/TL2312069-53-2-MAN-20231116/bedgraph/TL2312069-53-2-MAN-20231116.nogap_nsnps	/hogan_lab/Hogan_Lab_Shared/Zebrafish_Homozygosity/Alignment_VariantCall/231201_A00692_0394_231208_A00692_0396/TL2312069-53-2-MAN-20231116/bedgraph/TL2312069-53-2-MAN-20231116.withgap_nbases	/hogan_lab/Hogan_Lab_Shared/Zebrafish_Homozygosity/Alignment_VariantCall/231201_A00692_0394_231208_A00692_0396/TL2312069-53-2-MAN-20231116/bedgraph/TL2312069-53-2-MAN-20231116.withgap_nsnps	/hogan_lab/Hogan_Lab_Shared/Zebrafish_Homozygosity/Alignment_VariantCall/231201_A00692_0394_231208_A00692_0396/TL2312069-53-2-MAN-20231116/TL2312069-53-2-MAN-20231116_candidates.json	TL2312069-53-2
TL2312070-74-3-MAN-20231116	/hogan_lab/Hogan_Lab_Shared/Zebrafish_Homozygosity/Alignment_VariantCall/231201_A00692_0394_231208_A00692_0396/TL2312070-74-3-MAN-20231116/Bam/TL2312070-74-3-MAN-2023111_merged.markdups.bam	/hogan_lab/Hogan_Lab_Shared/Zebrafish_Homozygosity/Alignment_VariantCall/231201_A00692_0394_231208_A00692_0396/TL2312070-74-3-MAN-20231116/Vcf/TL2312070-74-3-MAN-2023111_gcv_UG.vcf.gz	/hogan_lab/Hogan_Lab_Shared/Zebrafish_Homozygosity/Alignment_VariantCall/231201_A00692_0394_231208_A00692_0396/TL2312070-74-3-MAN-20231116/Vcf/TL2312070-74-3-MAN-2023111_Ref_merged.vcf.gz	/hogan_lab/Hogan_Lab_Shared/Zebrafish_Homozygosity/Alignment_VariantCall/231201_A00692_0394_231208_A00692_0396/TL2312070-74-3-MAN-20231116/Vcf/TL2312070-74-3-MAN-2023111_Ref_merged_ChromFixed.vcf.gz	/hogan_lab/Hogan_Lab_Shared/Zebrafish_Homozygosity/Alignment_VariantCall/231201_A00692_0394_231208_A00692_0396/TL2312070-74-3-MAN-20231116/Vcf/TL2312070-74-3-MAN-2023111_Ref_merged_ChromFixed.vcf.annotated.vcf.gz	/hogan_lab/Hogan_Lab_Shared/Zebrafish_Homozygosity/Alignment_VariantCall/231201_A00692_0394_231208_A00692_0396/TL2312070-74-3-MAN-20231116/candidates.vcf	/hogan_lab/Hogan_Lab_Shared/Zebrafish_Homozygosity/Alignment_VariantCall/231201_A00692_0394_231208_A00692_0396/TL2312070-74-3-MAN-20231116/bedgraph/TL2312070-74-3-MAN-20231116.nogap_nbases	/hogan_lab/Hogan_Lab_Shared/Zebrafish_Homozygosity/Alignment_VariantCall/231201_A00692_0394_231208_A00692_0396/TL2312070-74-3-MAN-20231116/bedgraph/TL2312070-74-3-MAN-20231116.nogap_nsnps	/hogan_lab/Hogan_Lab_Shared/Zebrafish_Homozygosity/Alignment_VariantCall/231201_A00692_0394_231208_A00692_0396/TL2312070-74-3-MAN-20231116/bedgraph/TL2312070-74-3-MAN-20231116.withgap_nbases	/hogan_lab/Hogan_Lab_Shared/Zebrafish_Homozygosity/Alignment_VariantCall/231201_A00692_0394_231208_A00692_0396/TL2312070-74-3-MAN-20231116/bedgraph/TL2312070-74-3-MAN-20231116.withgap_nsnps	/hogan_lab/Hogan_Lab_Shared/Zebrafish_Homozygosity/Alignment_VariantCall/231201_A00692_0394_231208_A00692_0396/TL2312070-74-3-MAN-20231116/TL2312070-74-3-MAN-20231116_candidates.json	TL2312070-74-3
TL2312071-122-3-I-MAN-20231116	/hogan_lab/Hogan_Lab_Shared/Zebrafish_Homozygosity/Alignment_VariantCall/231201_A00692_0394_231208_A00692_0396/TL2312071-122-3-I-MAN-20231116/Bam/TL2312071-122-3-I-MAN-2023_merged.markdups.bam	/hogan_lab/Hogan_Lab_Shared/Zebrafish_Homozygosity/Alignment_VariantCall/231201_A00692_0394_231208_A00692_0396/TL2312071-122-3-I-MAN-20231116/Vcf/TL2312071-122-3-I-MAN-2023_gcv_UG.vcf.gz	/hogan_lab/Hogan_Lab_Shared/Zebrafish_Homozygosity/Alignment_VariantCall/231201_A00692_0394_231208_A00692_0396/TL2312071-122-3-I-MAN-20231116/Vcf/TL2312071-122-3-I-MAN-2023_Ref_merged.vcf.gz	/hogan_lab/Hogan_Lab_Shared/Zebrafish_Homozygosity/Alignment_VariantCall/231201_A00692_0394_231208_A00692_0396/TL2312071-122-3-I-MAN-20231116/Vcf/TL2312071-122-3-I-MAN-2023_Ref_merged_ChromFixed.vcf.gz	/hogan_lab/Hogan_Lab_Shared/Zebrafish_Homozygosity/Alignment_VariantCall/231201_A00692_0394_231208_A00692_0396/TL2312071-122-3-I-MAN-20231116/Vcf/TL2312071-122-3-I-MAN-2023_Ref_merged_ChromFixed.vcf.annotated.vcf.gz	/hogan_lab/Hogan_Lab_Shared/Zebrafish_Homozygosity/Alignment_VariantCall/231201_A00692_0394_231208_A00692_0396/TL2312071-122-3-I-MAN-20231116/candidates.vcf	/hogan_lab/Hogan_Lab_Shared/Zebrafish_Homozygosity/Alignment_VariantCall/231201_A00692_0394_231208_A00692_0396/TL2312071-122-3-I-MAN-20231116/bedgraph/TL2312071-122-3-I-MAN-20231116.nogap_nbases	/hogan_lab/Hogan_Lab_Shared/Zebrafish_Homozygosity/Alignment_VariantCall/231201_A00692_0394_231208_A00692_0396/TL2312071-122-3-I-MAN-20231116/bedgraph/TL2312071-122-3-I-MAN-20231116.nogap_nsnps	/hogan_lab/Hogan_Lab_Shared/Zebrafish_Homozygosity/Alignment_VariantCall/231201_A00692_0394_231208_A00692_0396/TL2312071-122-3-I-MAN-20231116/bedgraph/TL2312071-122-3-I-MAN-20231116.withgap_nbases	/hogan_lab/Hogan_Lab_Shared/Zebrafish_Homozygosity/Alignment_VariantCall/231201_A00692_0394_231208_A00692_0396/TL2312071-122-3-I-MAN-20231116/bedgraph/TL2312071-122-3-I-MAN-20231116.withgap_nsnps	/hogan_lab/Hogan_Lab_Shared/Zebrafish_Homozygosity/Alignment_VariantCall/231201_A00692_0394_231208_A00692_0396/TL2312071-122-3-I-MAN-20231116/TL2312071-122-3-I-MAN-20231116_candidates.json	TL2312071-122-3
TL2312072-161-2-MAN-20231116	/hogan_lab/Hogan_Lab_Shared/Zebrafish_Homozygosity/Alignment_VariantCall/231201_A00692_0394_231208_A00692_0396/TL2312072-161-2-MAN-20231116/Bam/TL2312072-161-2-MAN-202311_merged.markdups.bam	/hogan_lab/Hogan_Lab_Shared/Zebrafish_Homozygosity/Alignment_VariantCall/231201_A00692_0394_231208_A00692_0396/TL2312072-161-2-MAN-20231116/Vcf/TL2312072-161-2-MAN-202311_gcv_UG.vcf.gz	/hogan_lab/Hogan_Lab_Shared/Zebrafish_Homozygosity/Alignment_VariantCall/231201_A00692_0394_231208_A00692_0396/TL2312072-161-2-MAN-20231116/Vcf/TL2312072-161-2-MAN-202311_Ref_merged.vcf.gz	/hogan_lab/Hogan_Lab_Shared/Zebrafish_Homozygosity/Alignment_VariantCall/231201_A00692_0394_231208_A00692_0396/TL2312072-161-2-MAN-20231116/Vcf/TL2312072-161-2-MAN-202311_Ref_merged_ChromFixed.vcf.gz	/hogan_lab/Hogan_Lab_Shared/Zebrafish_Homozygosity/Alignment_VariantCall/231201_A00692_0394_231208_A00692_0396/TL2312072-161-2-MAN-20231116/Vcf/TL2312072-161-2-MAN-202311_Ref_merged_ChromFixed.vcf.annotated.vcf.gz	/hogan_lab/Hogan_Lab_Shared/Zebrafish_Homozygosity/Alignment_VariantCall/231201_A00692_0394_231208_A00692_0396/TL2312072-161-2-MAN-20231116/candidates.vcf	/hogan_lab/Hogan_Lab_Shared/Zebrafish_Homozygosity/Alignment_VariantCall/231201_A00692_0394_231208_A00692_0396/TL2312072-161-2-MAN-20231116/bedgraph/TL2312072-161-2-MAN-20231116.nogap_nbases	/hogan_lab/Hogan_Lab_Shared/Zebrafish_Homozygosity/Alignment_VariantCall/231201_A00692_0394_231208_A00692_0396/TL2312072-161-2-MAN-20231116/bedgraph/TL2312072-161-2-MAN-20231116.nogap_nsnps	/hogan_lab/Hogan_Lab_Shared/Zebrafish_Homozygosity/Alignment_VariantCall/231201_A00692_0394_231208_A00692_0396/TL2312072-161-2-MAN-20231116/bedgraph/TL2312072-161-2-MAN-20231116.withgap_nbases	/hogan_lab/Hogan_Lab_Shared/Zebrafish_Homozygosity/Alignment_VariantCall/231201_A00692_0394_231208_A00692_0396/TL2312072-161-2-MAN-20231116/bedgraph/TL2312072-161-2-MAN-20231116.withgap_nsnps	/hogan_lab/Hogan_Lab_Shared/Zebrafish_Homozygosity/Alignment_VariantCall/231201_A00692_0394_231208_A00692_0396/TL2312072-161-2-MAN-20231116/TL2312072-161-2-MAN-20231116_candidates.json	TL2312072-161-2
TL2312073-163-4L-MAN-20231116	/hogan_lab/Hogan_Lab_Shared/Zebrafish_Homozygosity/Alignment_VariantCall/231201_A00692_0394_231208_A00692_0396/TL2312073-163-4L-MAN-20231116/Bam/TL2312073-163-4L-MAN-20231_merged.markdups.bam	/hogan_lab/Hogan_Lab_Shared/Zebrafish_Homozygosity/Alignment_VariantCall/231201_A00692_0394_231208_A00692_0396/TL2312073-163-4L-MAN-20231116/Vcf/TL2312073-163-4L-MAN-20231_gcv_UG.vcf.gz	/hogan_lab/Hogan_Lab_Shared/Zebrafish_Homozygosity/Alignment_VariantCall/231201_A00692_0394_231208_A00692_0396/TL2312073-163-4L-MAN-20231116/Vcf/TL2312073-163-4L-MAN-20231_Ref_merged.vcf.gz	/hogan_lab/Hogan_Lab_Shared/Zebrafish_Homozygosity/Alignment_VariantCall/231201_A00692_0394_231208_A00692_0396/TL2312073-163-4L-MAN-20231116/Vcf/TL2312073-163-4L-MAN-20231_Ref_merged_ChromFixed.vcf.gz	/hogan_lab/Hogan_Lab_Shared/Zebrafish_Homozygosity/Alignment_VariantCall/231201_A00692_0394_231208_A00692_0396/TL2312073-163-4L-MAN-20231116/Vcf/TL2312073-163-4L-MAN-20231_Ref_merged_ChromFixed.vcf.annotated.vcf.gz	/hogan_lab/Hogan_Lab_Shared/Zebrafish_Homozygosity/Alignment_VariantCall/231201_A00692_0394_231208_A00692_0396/TL2312073-163-4L-MAN-20231116/candidates.vcf	/hogan_lab/Hogan_Lab_Shared/Zebrafish_Homozygosity/Alignment_VariantCall/231201_A00692_0394_231208_A00692_0396/TL2312073-163-4L-MAN-20231116/bedgraph/TL2312073-163-4L-MAN-20231116.nogap_nbases	/hogan_lab/Hogan_Lab_Shared/Zebrafish_Homozygosity/Alignment_VariantCall/231201_A00692_0394_231208_A00692_0396/TL2312073-163-4L-MAN-20231116/bedgraph/TL2312073-163-4L-MAN-20231116.nogap_nsnps	/hogan_lab/Hogan_Lab_Shared/Zebrafish_Homozygosity/Alignment_VariantCall/231201_A00692_0394_231208_A00692_0396/TL2312073-163-4L-MAN-20231116/bedgraph/TL2312073-163-4L-MAN-20231116.withgap_nbases	/hogan_lab/Hogan_Lab_Shared/Zebrafish_Homozygosity/Alignment_VariantCall/231201_A00692_0394_231208_A00692_0396/TL2312073-163-4L-MAN-20231116/bedgraph/TL2312073-163-4L-MAN-20231116.withgap_nsnps	/hogan_lab/Hogan_Lab_Shared/Zebrafish_Homozygosity/Alignment_VariantCall/231201_A00692_0394_231208_A00692_0396/TL2312073-163-4L-MAN-20231116/TL2312073-163-4L-MAN-20231116_candidates.json	TL2312073-163-4L
TL2312074-175-1-MAN-20231116	/hogan_lab/Hogan_Lab_Shared/Zebrafish_Homozygosity/Alignment_VariantCall/231201_A00692_0394_231208_A00692_0396/TL2312074-175-1-MAN-20231116/Bam/TL2312074-175-1-MAN-202311_merged.markdups.bam	/hogan_lab/Hogan_Lab_Shared/Zebrafish_Homozygosity/Alignment_VariantCall/231201_A00692_0394_231208_A00692_0396/TL2312074-175-1-MAN-20231116/Vcf/TL2312074-175-1-MAN-202311_gcv_UG.vcf.gz	/hogan_lab/Hogan_Lab_Shared/Zebrafish_Homozygosity/Alignment_VariantCall/231201_A00692_0394_231208_A00692_0396/TL2312074-175-1-MAN-20231116/Vcf/TL2312074-175-1-MAN-202311_Ref_merged.vcf.gz	/hogan_lab/Hogan_Lab_Shared/Zebrafish_Homozygosity/Alignment_VariantCall/231201_A00692_0394_231208_A00692_0396/TL2312074-175-1-MAN-20231116/Vcf/TL2312074-175-1-MAN-202311_Ref_merged_ChromFixed.vcf.gz	/hogan_lab/Hogan_Lab_Shared/Zebrafish_Homozygosity/Alignment_VariantCall/231201_A00692_0394_231208_A00692_0396/TL2312074-175-1-MAN-20231116/Vcf/TL2312074-175-1-MAN-202311_Ref_merged_ChromFixed.vcf.annotated.vcf.gz	/hogan_lab/Hogan_Lab_Shared/Zebrafish_Homozygosity/Alignment_VariantCall/231201_A00692_0394_231208_A00692_0396/TL2312074-175-1-MAN-20231116/candidates.vcf	/hogan_lab/Hogan_Lab_Shared/Zebrafish_Homozygosity/Alignment_VariantCall/231201_A00692_0394_231208_A00692_0396/TL2312074-175-1-MAN-20231116/bedgraph/TL2312074-175-1-MAN-20231116.nogap_nbases	/hogan_lab/Hogan_Lab_Shared/Zebrafish_Homozygosity/Alignment_VariantCall/231201_A00692_0394_231208_A00692_0396/TL2312074-175-1-MAN-20231116/bedgraph/TL2312074-175-1-MAN-20231116.nogap_nsnps	/hogan_lab/Hogan_Lab_Shared/Zebrafish_Homozygosity/Alignment_VariantCall/231201_A00692_0394_231208_A00692_0396/TL2312074-175-1-MAN-20231116/bedgraph/TL2312074-175-1-MAN-20231116.withgap_nbases	/hogan_lab/Hogan_Lab_Shared/Zebrafish_Homozygosity/Alignment_VariantCall/231201_A00692_0394_231208_A00692_0396/TL2312074-175-1-MAN-20231116/bedgraph/TL2312074-175-1-MAN-20231116.withgap_nsnps	/hogan_lab/Hogan_Lab_Shared/Zebrafish_Homozygosity/Alignment_VariantCall/231201_A00692_0394_231208_A00692_0396/TL2312074-175-1-MAN-20231116/TL2312074-175-1-MAN-20231116_candidates.json	TL2312074-175-1
TL2312075-245-2A-MAN-20231116	/hogan_lab/Hogan_Lab_Shared/Zebrafish_Homozygosity/Alignment_VariantCall/231201_A00692_0394_231208_A00692_0396/TL2312075-245-2A-MAN-20231116/Bam/TL2312075-245-2A-MAN-20231_merged.markdups.bam	/hogan_lab/Hogan_Lab_Shared/Zebrafish_Homozygosity/Alignment_VariantCall/231201_A00692_0394_231208_A00692_0396/TL2312075-245-2A-MAN-20231116/Vcf/TL2312075-245-2A-MAN-20231_gcv_UG.vcf.gz	/hogan_lab/Hogan_Lab_Shared/Zebrafish_Homozygosity/Alignment_VariantCall/231201_A00692_0394_231208_A00692_0396/TL2312075-245-2A-MAN-20231116/Vcf/TL2312075-245-2A-MAN-20231_Ref_merged.vcf.gz	/hogan_lab/Hogan_Lab_Shared/Zebrafish_Homozygosity/Alignment_VariantCall/231201_A00692_0394_231208_A00692_0396/TL2312075-245-2A-MAN-20231116/Vcf/TL2312075-245-2A-MAN-20231_Ref_merged_ChromFixed.vcf.gz	/hogan_lab/Hogan_Lab_Shared/Zebrafish_Homozygosity/Alignment_VariantCall/231201_A00692_0394_231208_A00692_0396/TL2312075-245-2A-MAN-20231116/Vcf/TL2312075-245-2A-MAN-20231_Ref_merged_ChromFixed.vcf.annotated.vcf.gz	/hogan_lab/Hogan_Lab_Shared/Zebrafish_Homozygosity/Alignment_VariantCall/231201_A00692_0394_231208_A00692_0396/TL2312075-245-2A-MAN-20231116/candidates.vcf	/hogan_lab/Hogan_Lab_Shared/Zebrafish_Homozygosity/Alignment_VariantCall/231201_A00692_0394_231208_A00692_0396/TL2312075-245-2A-MAN-20231116/bedgraph/TL2312075-245-2A-MAN-20231116.nogap_nbases	/hogan_lab/Hogan_Lab_Shared/Zebrafish_Homozygosity/Alignment_VariantCall/231201_A00692_0394_231208_A00692_0396/TL2312075-245-2A-MAN-20231116/bedgraph/TL2312075-245-2A-MAN-20231116.nogap_nsnps	/hogan_lab/Hogan_Lab_Shared/Zebrafish_Homozygosity/Alignment_VariantCall/231201_A00692_0394_231208_A00692_0396/TL2312075-245-2A-MAN-20231116/bedgraph/TL2312075-245-2A-MAN-20231116.withgap_nbases	/hogan_lab/Hogan_Lab_Shared/Zebrafish_Homozygosity/Alignment_VariantCall/231201_A00692_0394_231208_A00692_0396/TL2312075-245-2A-MAN-20231116/bedgraph/TL2312075-245-2A-MAN-20231116.withgap_nsnps	/hogan_lab/Hogan_Lab_Shared/Zebrafish_Homozygosity/Alignment_VariantCall/231201_A00692_0394_231208_A00692_0396/TL2312075-245-2A-MAN-20231116/TL2312075-245-2A-MAN-20231116_candidates.json	TL2312075-245-2A
TL2312076-373-I-MAN-20231116	/hogan_lab/Hogan_Lab_Shared/Zebrafish_Homozygosity/Alignment_VariantCall/231201_A00692_0394_231208_A00692_0396/TL2312076-373-I-MAN-20231116/Bam/TL2312076-373-I-MAN-202311_merged.markdups.bam	/hogan_lab/Hogan_Lab_Shared/Zebrafish_Homozygosity/Alignment_VariantCall/231201_A00692_0394_231208_A00692_0396/TL2312076-373-I-MAN-20231116/Vcf/TL2312076-373-I-MAN-202311_gcv_UG.vcf.gz	/hogan_lab/Hogan_Lab_Shared/Zebrafish_Homozygosity/Alignment_VariantCall/231201_A00692_0394_231208_A00692_0396/TL2312076-373-I-MAN-20231116/Vcf/TL2312076-373-I-MAN-202311_Ref_merged.vcf.gz	/hogan_lab/Hogan_Lab_Shared/Zebrafish_Homozygosity/Alignment_VariantCall/231201_A00692_0394_231208_A00692_0396/TL2312076-373-I-MAN-20231116/Vcf/TL2312076-373-I-MAN-202311_Ref_merged_ChromFixed.vcf.gz	/hogan_lab/Hogan_Lab_Shared/Zebrafish_Homozygosity/Alignment_VariantCall/231201_A00692_0394_231208_A00692_0396/TL2312076-373-I-MAN-20231116/Vcf/TL2312076-373-I-MAN-202311_Ref_merged_ChromFixed.vcf.annotated.vcf.gz	/hogan_lab/Hogan_Lab_Shared/Zebrafish_Homozygosity/Alignment_VariantCall/231201_A00692_0394_231208_A00692_0396/TL2312076-373-I-MAN-20231116/candidates.vcf	/hogan_lab/Hogan_Lab_Shared/Zebrafish_Homozygosity/Alignment_VariantCall/231201_A00692_0394_231208_A00692_0396/TL2312076-373-I-MAN-20231116/bedgraph/TL2312076-373-I-MAN-20231116.nogap_nbases	/hogan_lab/Hogan_Lab_Shared/Zebrafish_Homozygosity/Alignment_VariantCall/231201_A00692_0394_231208_A00692_0396/TL2312076-373-I-MAN-20231116/bedgraph/TL2312076-373-I-MAN-20231116.nogap_nsnps	/hogan_lab/Hogan_Lab_Shared/Zebrafish_Homozygosity/Alignment_VariantCall/231201_A00692_0394_231208_A00692_0396/TL2312076-373-I-MAN-20231116/bedgraph/TL2312076-373-I-MAN-20231116.withgap_nbases	/hogan_lab/Hogan_Lab_Shared/Zebrafish_Homozygosity/Alignment_VariantCall/231201_A00692_0394_231208_A00692_0396/TL2312076-373-I-MAN-20231116/bedgraph/TL2312076-373-I-MAN-20231116.withgap_nsnps	/hogan_lab/Hogan_Lab_Shared/Zebrafish_Homozygosity/Alignment_VariantCall/231201_A00692_0394_231208_A00692_0396/TL2312076-373-I-MAN-20231116/TL2312076-373-I-MAN-20231116_candidates.json	TL2312076-373-I
